{"type":"FeatureCollection","name":"systems","features":[{"type":"Feature","geometry":{"type":"Point","coordinates":[-889,-5150]},"properties":{"name":"Orion","systemID":42,"systemLevel":12,"warpRequired":8,"territory":"Independent","event":"","stationHub":0,"icon":"hub","deepDarkSpace":0,"uncommonArmadaRange":"","rareArmadaRange":"","epicArmadaRange":"","mines":"","hostiles":"Battleship, Explorer"}},{"type":"Feature","geometry":{"type":"Point","coordinates":[-979,-5014]},"properties":{"name":"Nausicaa","systemID":52,"systemLevel":12,"warpRequired":8,"territory":"Independent","event":"","stationHub":0,"icon":"hub","deepDarkSpace":0,"uncommonArmadaRange":"","rareArmadaRange":"","epicArmadaRange":"","mines":"","hostiles":"Battleship, Interceptor"}},{"type":"Feature","geometry":{"type":"Point","coordinates":[-774,-4902]},"properties":{"name":"Rigel","systemID":54,"systemLevel":13,"warpRequired":10,"territory":"Independent","event":"","stationHub":0,"icon":"hub","deepDarkSpace":0,"uncommonArmadaRange":"","rareArmadaRange":"","epicArmadaRange":"","mines":"","hostiles":"Interceptor"}},{"type":"Feature","geometry":{"type":"Point","coordinates":[-1475,-5409]},"properties":{"name":"Yridia","systemID":55,"systemLevel":7,"warpRequired":5,"territory":"Independent","event":"","stationHub":0,"icon":"hub","deepDarkSpace":0,"uncommonArmadaRange":"","rareArmadaRange":"","epicArmadaRange":"","mines":"","hostiles":"Explorer"}},{"type":"Feature","geometry":{"type":"Point","coordinates":[-1327,-5734]},"properties":{"name":"Tellun","systemID":90,"systemLevel":7,"warpRequired":5,"territory":"Independent","event":"","stationHub":0,"icon":"hub","deepDarkSpace":0,"uncommonArmadaRange":"","rareArmadaRange":"","epicArmadaRange":"","mines":"","hostiles":"Explorer"}},{"type":"Feature","geometry":{"type":"Point","coordinates":[-956,-5861]},"properties":{"name":"Maluria","systemID":2876,"systemLevel":7,"warpRequired":5,"territory":"Independent","event":"","stationHub":0,"icon":"hub","deepDarkSpace":0,"uncommonArmadaRange":"","rareArmadaRange":"","epicArmadaRange":"","mines":"Tritanium","hostiles":"Explorer"}},{"type":"Feature","geometry":{"type":"Point","coordinates":[-716,-5554]},"properties":{"name":"Banks","systemID":71005,"systemLevel":1,"warpRequired":5,"territory":"Independent","event":"","stationHub":1,"icon":"","deepDarkSpace":0,"uncommonArmadaRange":"","rareArmadaRange":"","epicArmadaRange":"","mines":"","hostiles":"Interceptor"}},{"type":"Feature","geometry":{"type":"Point","coordinates":[-735,-5605]},"properties":{"name":"Izbel","systemID":71088,"systemLevel":1,"warpRequired":5,"territory":"Independent","event":"","stationHub":1,"icon":"","deepDarkSpace":0,"uncommonArmadaRange":"","rareArmadaRange":"","epicArmadaRange":"","mines":"","hostiles":"Interceptor"}},{"type":"Feature","geometry":{"type":"Point","coordinates":[-675,-5587]},"properties":{"name":"Dovaler","systemID":71089,"systemLevel":1,"warpRequired":5,"territory":"Independent","event":"","stationHub":1,"icon":"","deepDarkSpace":0,"uncommonArmadaRange":"","rareArmadaRange":"","epicArmadaRange":"","mines":"","hostiles":"Interceptor"}},{"type":"Feature","geometry":{"type":"Point","coordinates":[-700,-5592]},"properties":{"name":"Groshi","systemID":71249,"systemLevel":2,"warpRequired":5,"territory":"Independent","event":"","stationHub":1,"icon":"","deepDarkSpace":0,"uncommonArmadaRange":"","rareArmadaRange":"","epicArmadaRange":"","mines":"Parsteel","hostiles":"Interceptor"}},{"type":"Feature","geometry":{"type":"Point","coordinates":[-695,-5633]},"properties":{"name":"Estrada","systemID":71303,"systemLevel":4,"warpRequired":5,"territory":"Independent","event":"","stationHub":1,"icon":"","deepDarkSpace":0,"uncommonArmadaRange":"","rareArmadaRange":"","epicArmadaRange":"","mines":"Parsteel","hostiles":"Explorer, Interceptor"}},{"type":"Feature","geometry":{"type":"Point","coordinates":[-777,-5699]},"properties":{"name":"Risa","systemID":71358,"systemLevel":7,"warpRequired":5,"territory":"Independent","event":"","stationHub":0,"icon":"hub","deepDarkSpace":0,"uncommonArmadaRange":"","rareArmadaRange":"","epicArmadaRange":"","mines":"Tritanium","hostiles":"Explorer"}},{"type":"Feature","geometry":{"type":"Point","coordinates":[-634,-5617]},"properties":{"name":"Cospilon","systemID":71399,"systemLevel":2,"warpRequired":5,"territory":"Independent","event":"","stationHub":1,"icon":"","deepDarkSpace":0,"uncommonArmadaRange":"","rareArmadaRange":"","epicArmadaRange":"","mines":"Parsteel","hostiles":"Interceptor"}},{"type":"Feature","geometry":{"type":"Point","coordinates":[-645,-5605]},"properties":{"name":"Halkon","systemID":71464,"systemLevel":1,"warpRequired":5,"territory":"Independent","event":"","stationHub":1,"icon":"","deepDarkSpace":0,"uncommonArmadaRange":"","rareArmadaRange":"","epicArmadaRange":"","mines":"","hostiles":"Interceptor"}},{"type":"Feature","geometry":{"type":"Point","coordinates":[-615,-5637]},"properties":{"name":"Doma","systemID":71465,"systemLevel":1,"warpRequired":5,"territory":"Independent","event":"","stationHub":1,"icon":"","deepDarkSpace":0,"uncommonArmadaRange":"","rareArmadaRange":"","epicArmadaRange":"","mines":"","hostiles":"Interceptor"}},{"type":"Feature","geometry":{"type":"Point","coordinates":[-623,-5601]},"properties":{"name":"Heima","systemID":71466,"systemLevel":1,"warpRequired":5,"territory":"Independent","event":"","stationHub":1,"icon":"","deepDarkSpace":0,"uncommonArmadaRange":"","rareArmadaRange":"","epicArmadaRange":"","mines":"","hostiles":"Interceptor"}},{"type":"Feature","geometry":{"type":"Point","coordinates":[-538,-5731]},"properties":{"name":"Soeller","systemID":71713,"systemLevel":1,"warpRequired":5,"territory":"Independent","event":"","stationHub":1,"icon":"","deepDarkSpace":0,"uncommonArmadaRange":"","rareArmadaRange":"","epicArmadaRange":"","mines":"","hostiles":"Interceptor"}},{"type":"Feature","geometry":{"type":"Point","coordinates":[-534,-5706]},"properties":{"name":"Barra","systemID":71714,"systemLevel":1,"warpRequired":5,"territory":"Independent","event":"","stationHub":1,"icon":"","deepDarkSpace":0,"uncommonArmadaRange":"","rareArmadaRange":"","epicArmadaRange":"","mines":"","hostiles":"Interceptor"}},{"type":"Feature","geometry":{"type":"Point","coordinates":[-571,-5702]},"properties":{"name":"Corla","systemID":71715,"systemLevel":1,"warpRequired":5,"territory":"Independent","event":"","stationHub":1,"icon":"","deepDarkSpace":0,"uncommonArmadaRange":"","rareArmadaRange":"","epicArmadaRange":"","mines":"","hostiles":"Interceptor"}},{"type":"Feature","geometry":{"type":"Point","coordinates":[-562,-5712]},"properties":{"name":"Follin","systemID":71892,"systemLevel":2,"warpRequired":5,"territory":"Independent","event":"","stationHub":1,"icon":"","deepDarkSpace":0,"uncommonArmadaRange":"","rareArmadaRange":"","epicArmadaRange":"","mines":"Parsteel","hostiles":"Interceptor"}},{"type":"Feature","geometry":{"type":"Point","coordinates":[-571,-5798]},"properties":{"name":"Tohvus","systemID":71905,"systemLevel":1,"warpRequired":5,"territory":"Independent","event":"","stationHub":1,"icon":"","deepDarkSpace":0,"uncommonArmadaRange":"","rareArmadaRange":"","epicArmadaRange":"","mines":"","hostiles":"Interceptor"}},{"type":"Feature","geometry":{"type":"Point","coordinates":[-604,-5804]},"properties":{"name":"Zanti","systemID":71906,"systemLevel":1,"warpRequired":5,"territory":"Independent","event":"","stationHub":1,"icon":"","deepDarkSpace":0,"uncommonArmadaRange":"","rareArmadaRange":"","epicArmadaRange":"","mines":"","hostiles":"Interceptor"}},{"type":"Feature","geometry":{"type":"Point","coordinates":[-551,-5775]},"properties":{"name":"Bo-Jeems","systemID":71907,"systemLevel":1,"warpRequired":5,"territory":"Independent","event":"","stationHub":1,"icon":"","deepDarkSpace":0,"uncommonArmadaRange":"","rareArmadaRange":"","epicArmadaRange":"","mines":"","hostiles":"Interceptor"}},{"type":"Feature","geometry":{"type":"Point","coordinates":[-581,-5777]},"properties":{"name":"Dalfa","systemID":72084,"systemLevel":2,"warpRequired":5,"territory":"Independent","event":"","stationHub":1,"icon":"","deepDarkSpace":0,"uncommonArmadaRange":"","rareArmadaRange":"","epicArmadaRange":"","mines":"Parsteel","hostiles":"Interceptor"}},{"type":"Feature","geometry":{"type":"Point","coordinates":[-615,-5734]},"properties":{"name":"Benzi","systemID":72093,"systemLevel":4,"warpRequired":5,"territory":"Independent","event":"","stationHub":1,"icon":"","deepDarkSpace":0,"uncommonArmadaRange":"","rareArmadaRange":"","epicArmadaRange":"","mines":"Parsteel","hostiles":"Explorer, Interceptor"}},{"type":"Feature","geometry":{"type":"Point","coordinates":[-634,-5661]},"properties":{"name":"Yuvaa","systemID":72116,"systemLevel":5,"warpRequired":5,"territory":"Independent","event":"","stationHub":1,"icon":"","deepDarkSpace":0,"uncommonArmadaRange":"","rareArmadaRange":"","epicArmadaRange":"","mines":"Parsteel","hostiles":"Explorer, Interceptor"}},{"type":"Feature","geometry":{"type":"Point","coordinates":[-487,-5659]},"properties":{"name":"Eral","systemID":72902,"systemLevel":9,"warpRequired":5,"territory":"Independent","event":"","stationHub":0,"icon":"","deepDarkSpace":0,"uncommonArmadaRange":"","rareArmadaRange":"","epicArmadaRange":"","mines":"Tritanium","hostiles":"Battleship"}},{"type":"Feature","geometry":{"type":"Point","coordinates":[-743,-5852]},"properties":{"name":"Reelah","systemID":73488,"systemLevel":1,"warpRequired":5,"territory":"Independent","event":"","stationHub":1,"icon":"","deepDarkSpace":0,"uncommonArmadaRange":"","rareArmadaRange":"","epicArmadaRange":"","mines":"","hostiles":"Interceptor"}},{"type":"Feature","geometry":{"type":"Point","coordinates":[-781,-5829]},"properties":{"name":"Slawlor","systemID":73555,"systemLevel":1,"warpRequired":5,"territory":"Independent","event":"","stationHub":1,"icon":"","deepDarkSpace":0,"uncommonArmadaRange":"","rareArmadaRange":"","epicArmadaRange":"","mines":"","hostiles":"Interceptor"}},{"type":"Feature","geometry":{"type":"Point","coordinates":[-787,-5804]},"properties":{"name":"Boorhi","systemID":73556,"systemLevel":1,"warpRequired":5,"territory":"Independent","event":"","stationHub":1,"icon":"","deepDarkSpace":0,"uncommonArmadaRange":"","rareArmadaRange":"","epicArmadaRange":"","mines":"","hostiles":"Interceptor"}},{"type":"Feature","geometry":{"type":"Point","coordinates":[-691,-5856]},"properties":{"name":"Nidox","systemID":73559,"systemLevel":1,"warpRequired":5,"territory":"Independent","event":"","stationHub":1,"icon":"","deepDarkSpace":0,"uncommonArmadaRange":"","rareArmadaRange":"","epicArmadaRange":"","mines":"","hostiles":"Interceptor"}},{"type":"Feature","geometry":{"type":"Point","coordinates":[-671,-5855]},"properties":{"name":"Poja","systemID":73560,"systemLevel":1,"warpRequired":5,"territory":"Independent","event":"","stationHub":1,"icon":"","deepDarkSpace":0,"uncommonArmadaRange":"","rareArmadaRange":"","epicArmadaRange":"","mines":"","hostiles":"Interceptor"}},{"type":"Feature","geometry":{"type":"Point","coordinates":[-710,-5834]},"properties":{"name":"Lipas","systemID":73561,"systemLevel":1,"warpRequired":5,"territory":"Independent","event":"","stationHub":1,"icon":"","deepDarkSpace":0,"uncommonArmadaRange":"","rareArmadaRange":"","epicArmadaRange":"","mines":"","hostiles":"Interceptor"}},{"type":"Feature","geometry":{"type":"Point","coordinates":[-758,-5807]},"properties":{"name":"Bodex","systemID":73854,"systemLevel":2,"warpRequired":5,"territory":"Independent","event":"","stationHub":1,"icon":"","deepDarkSpace":0,"uncommonArmadaRange":"","rareArmadaRange":"","epicArmadaRange":"","mines":"Parsteel","hostiles":"Interceptor"}},{"type":"Feature","geometry":{"type":"Point","coordinates":[-682,-5834]},"properties":{"name":"Toshen","systemID":73857,"systemLevel":2,"warpRequired":5,"territory":"Independent","event":"","stationHub":1,"icon":"","deepDarkSpace":0,"uncommonArmadaRange":"","rareArmadaRange":"","epicArmadaRange":"","mines":"Parsteel","hostiles":"Interceptor"}},{"type":"Feature","geometry":{"type":"Point","coordinates":[-708,-5762]},"properties":{"name":"Zukerat","systemID":73970,"systemLevel":4,"warpRequired":5,"territory":"Independent","event":"","stationHub":1,"icon":"","deepDarkSpace":0,"uncommonArmadaRange":"","rareArmadaRange":"","epicArmadaRange":"","mines":"Parsteel","hostiles":"Explorer, Interceptor"}},{"type":"Feature","geometry":{"type":"Point","coordinates":[-648,-5770]},"properties":{"name":"Melvara","systemID":74017,"systemLevel":5,"warpRequired":5,"territory":"Independent","event":"","stationHub":1,"icon":"","deepDarkSpace":0,"uncommonArmadaRange":"","rareArmadaRange":"","epicArmadaRange":"","mines":"Parsteel","hostiles":"Explorer, Interceptor"}},{"type":"Feature","geometry":{"type":"Point","coordinates":[-596,-5950]},"properties":{"name":"Volta","systemID":74101,"systemLevel":9,"warpRequired":5,"territory":"Independent","event":"","stationHub":0,"icon":"","deepDarkSpace":0,"uncommonArmadaRange":"","rareArmadaRange":"","epicArmadaRange":"","mines":"Tritanium","hostiles":"Battleship"}},{"type":"Feature","geometry":{"type":"Point","coordinates":[-858,-5927]},"properties":{"name":"Ruli","systemID":74128,"systemLevel":4,"warpRequired":3,"territory":"Independent","event":"","stationHub":1,"icon":"","deepDarkSpace":0,"uncommonArmadaRange":"","rareArmadaRange":"","epicArmadaRange":"","mines":"Parsteel","hostiles":"Explorer, Interceptor"}},{"type":"Feature","geometry":{"type":"Point","coordinates":[-1094,-5967]},"properties":{"name":"Laurgatt","systemID":74130,"systemLevel":4,"warpRequired":3,"territory":"Independent","event":"","stationHub":1,"icon":"","deepDarkSpace":0,"uncommonArmadaRange":"","rareArmadaRange":"","epicArmadaRange":"","mines":"Parsteel","hostiles":"Explorer, Interceptor"}},{"type":"Feature","geometry":{"type":"Point","coordinates":[-972,-6014]},"properties":{"name":"Baw","systemID":74131,"systemLevel":4,"warpRequired":2,"territory":"Independent","event":"","stationHub":1,"icon":"","deepDarkSpace":0,"uncommonArmadaRange":"","rareArmadaRange":"","epicArmadaRange":"","mines":"Parsteel","hostiles":"Explorer, Interceptor"}},{"type":"Feature","geometry":{"type":"Point","coordinates":[-888,-5998]},"properties":{"name":"Flok","systemID":74244,"systemLevel":5,"warpRequired":3,"territory":"Independent","event":"","stationHub":1,"icon":"","deepDarkSpace":0,"uncommonArmadaRange":"","rareArmadaRange":"","epicArmadaRange":"","mines":"Parsteel","hostiles":"Explorer, Interceptor"}},{"type":"Feature","geometry":{"type":"Point","coordinates":[-1056,-6010]},"properties":{"name":"Hosun","systemID":74246,"systemLevel":5,"warpRequired":3,"territory":"Independent","event":"","stationHub":1,"icon":"","deepDarkSpace":0,"uncommonArmadaRange":"","rareArmadaRange":"","epicArmadaRange":"","mines":"Parsteel","hostiles":"Explorer, Interceptor"}},{"type":"Feature","geometry":{"type":"Point","coordinates":[-812,-5995]},"properties":{"name":"Pimo","systemID":74308,"systemLevel":1,"warpRequired":3,"territory":"Independent","event":"","stationHub":1,"icon":"","deepDarkSpace":0,"uncommonArmadaRange":"","rareArmadaRange":"","epicArmadaRange":"","mines":"","hostiles":"Interceptor"}},{"type":"Feature","geometry":{"type":"Point","coordinates":[-830,-5945]},"properties":{"name":"Iora","systemID":74369,"systemLevel":2,"warpRequired":3,"territory":"Independent","event":"","stationHub":1,"icon":"","deepDarkSpace":0,"uncommonArmadaRange":"","rareArmadaRange":"","epicArmadaRange":"","mines":"Parsteel","hostiles":"Interceptor"}},{"type":"Feature","geometry":{"type":"Point","coordinates":[-786,-5969]},"properties":{"name":"Quirad","systemID":74434,"systemLevel":1,"warpRequired":3,"territory":"Independent","event":"","stationHub":1,"icon":"","deepDarkSpace":0,"uncommonArmadaRange":"","rareArmadaRange":"","epicArmadaRange":"","mines":"","hostiles":"Interceptor"}},{"type":"Feature","geometry":{"type":"Point","coordinates":[-838,-5976]},"properties":{"name":"Sido","systemID":74435,"systemLevel":1,"warpRequired":3,"territory":"Independent","event":"","stationHub":1,"icon":"","deepDarkSpace":0,"uncommonArmadaRange":"","rareArmadaRange":"","epicArmadaRange":"","mines":"","hostiles":"Interceptor"}},{"type":"Feature","geometry":{"type":"Point","coordinates":[-814,-5908]},"properties":{"name":"Mayagrazi","systemID":74562,"systemLevel":2,"warpRequired":3,"territory":"Independent","event":"","stationHub":1,"icon":"","deepDarkSpace":0,"uncommonArmadaRange":"","rareArmadaRange":"","epicArmadaRange":"","mines":"Parsteel","hostiles":"Interceptor"}},{"type":"Feature","geometry":{"type":"Point","coordinates":[-784,-5922]},"properties":{"name":"Beyven","systemID":74627,"systemLevel":1,"warpRequired":3,"territory":"Independent","event":"","stationHub":1,"icon":"","deepDarkSpace":0,"uncommonArmadaRange":"","rareArmadaRange":"","epicArmadaRange":"","mines":"","hostiles":"Interceptor"}},{"type":"Feature","geometry":{"type":"Point","coordinates":[-775,-5901]},"properties":{"name":"Alorina","systemID":74630,"systemLevel":1,"warpRequired":3,"territory":"Independent","event":"","stationHub":1,"icon":"","deepDarkSpace":0,"uncommonArmadaRange":"","rareArmadaRange":"","epicArmadaRange":"","mines":"","hostiles":"Interceptor"}},{"type":"Feature","geometry":{"type":"Point","coordinates":[-811,-5878]},"properties":{"name":"Didi","systemID":74631,"systemLevel":1,"warpRequired":3,"territory":"Independent","event":"","stationHub":1,"icon":"","deepDarkSpace":0,"uncommonArmadaRange":"","rareArmadaRange":"","epicArmadaRange":"","mines":"","hostiles":"Interceptor"}},{"type":"Feature","geometry":{"type":"Point","coordinates":[-929,-6074]},"properties":{"name":"Sverlov","systemID":74878,"systemLevel":2,"warpRequired":2,"territory":"Independent","event":"","stationHub":1,"icon":"","deepDarkSpace":0,"uncommonArmadaRange":"","rareArmadaRange":"","epicArmadaRange":"","mines":"Parsteel","hostiles":"Interceptor"}},{"type":"Feature","geometry":{"type":"Point","coordinates":[-1141,-5998]},"properties":{"name":"Falko","systemID":74879,"systemLevel":2,"warpRequired":3,"territory":"Independent","event":"","stationHub":1,"icon":"","deepDarkSpace":0,"uncommonArmadaRange":"","rareArmadaRange":"","epicArmadaRange":"","mines":"Parsteel","hostiles":"Interceptor"}},{"type":"Feature","geometry":{"type":"Point","coordinates":[-891,-6081]},"properties":{"name":"Skelg","systemID":75015,"systemLevel":1,"warpRequired":2,"territory":"Independent","event":"","stationHub":1,"icon":"","deepDarkSpace":0,"uncommonArmadaRange":"","rareArmadaRange":"","epicArmadaRange":"","mines":"","hostiles":"Interceptor"}},{"type":"Feature","geometry":{"type":"Point","coordinates":[-1176,-6000]},"properties":{"name":"Muhen","systemID":75016,"systemLevel":1,"warpRequired":3,"territory":"Independent","event":"","stationHub":1,"icon":"","deepDarkSpace":0,"uncommonArmadaRange":"","rareArmadaRange":"","epicArmadaRange":"","mines":"","hostiles":"Interceptor"}},{"type":"Feature","geometry":{"type":"Point","coordinates":[-1156,-5974]},"properties":{"name":"Khic","systemID":75018,"systemLevel":1,"warpRequired":3,"territory":"Independent","event":"","stationHub":1,"icon":"","deepDarkSpace":0,"uncommonArmadaRange":"","rareArmadaRange":"","epicArmadaRange":"","mines":"","hostiles":"Interceptor"}},{"type":"Feature","geometry":{"type":"Point","coordinates":[-949,-6087]},"properties":{"name":"Saqua","systemID":75019,"systemLevel":1,"warpRequired":2,"territory":"Independent","event":"","stationHub":1,"icon":"","deepDarkSpace":0,"uncommonArmadaRange":"","rareArmadaRange":"","epicArmadaRange":"","mines":"","hostiles":"Interceptor"}},{"type":"Feature","geometry":{"type":"Point","coordinates":[-910,-6101]},"properties":{"name":"Vemarii","systemID":75020,"systemLevel":1,"warpRequired":2,"territory":"Independent","event":"","stationHub":1,"icon":"","deepDarkSpace":0,"uncommonArmadaRange":"","rareArmadaRange":"","epicArmadaRange":"","mines":"","hostiles":"Interceptor"}},{"type":"Feature","geometry":{"type":"Point","coordinates":[-1162,-6024]},"properties":{"name":"Wuver","systemID":75021,"systemLevel":1,"warpRequired":3,"territory":"Independent","event":"","stationHub":1,"icon":"","deepDarkSpace":0,"uncommonArmadaRange":"","rareArmadaRange":"","epicArmadaRange":"","mines":"","hostiles":"Interceptor"}},{"type":"Feature","geometry":{"type":"Point","coordinates":[-1114,-5924]},"properties":{"name":"Cymon","systemID":75543,"systemLevel":2,"warpRequired":3,"territory":"Independent","event":"","stationHub":1,"icon":"","deepDarkSpace":0,"uncommonArmadaRange":"","rareArmadaRange":"","epicArmadaRange":"","mines":"Parsteel","hostiles":"Interceptor"}},{"type":"Feature","geometry":{"type":"Point","coordinates":[-1011,-6047]},"properties":{"name":"Jobe","systemID":75544,"systemLevel":2,"warpRequired":1,"territory":"Independent","event":"","stationHub":1,"icon":"","deepDarkSpace":0,"uncommonArmadaRange":"","rareArmadaRange":"","epicArmadaRange":"","mines":"Parsteel","hostiles":"Interceptor"}},{"type":"Feature","geometry":{"type":"Point","coordinates":[-1142,-5921]},"properties":{"name":"Maq","systemID":75690,"systemLevel":1,"warpRequired":3,"territory":"Independent","event":"","stationHub":1,"icon":"","deepDarkSpace":0,"uncommonArmadaRange":"","rareArmadaRange":"","epicArmadaRange":"","mines":"","hostiles":"Interceptor"}},{"type":"Feature","geometry":{"type":"Point","coordinates":[-1105,-5892]},"properties":{"name":"Donnel","systemID":75692,"systemLevel":1,"warpRequired":3,"territory":"Independent","event":"","stationHub":1,"icon":"","deepDarkSpace":0,"uncommonArmadaRange":"","rareArmadaRange":"","epicArmadaRange":"","mines":"","hostiles":"Interceptor"}},{"type":"Feature","geometry":{"type":"Point","coordinates":[-1144,-5891]},"properties":{"name":"Jeybriol","systemID":75693,"systemLevel":1,"warpRequired":3,"territory":"Independent","event":"","stationHub":1,"icon":"","deepDarkSpace":0,"uncommonArmadaRange":"","rareArmadaRange":"","epicArmadaRange":"","mines":"","hostiles":"Interceptor"}},{"type":"Feature","geometry":{"type":"Point","coordinates":[-986,-6069]},"properties":{"name":"Feer","systemID":75694,"systemLevel":1,"warpRequired":1,"territory":"Independent","event":"","stationHub":1,"icon":"","deepDarkSpace":0,"uncommonArmadaRange":"","rareArmadaRange":"","epicArmadaRange":"","mines":"","hostiles":"Interceptor"}},{"type":"Feature","geometry":{"type":"Point","coordinates":[-1047,-6093]},"properties":{"name":"Kerao","systemID":75697,"systemLevel":1,"warpRequired":0,"territory":"Independent","event":"","stationHub":1,"icon":"","deepDarkSpace":0,"uncommonArmadaRange":"","rareArmadaRange":"","epicArmadaRange":"","mines":"","hostiles":"Interceptor"}},{"type":"Feature","geometry":{"type":"Point","coordinates":[-1041,-6044]},"properties":{"name":"Lyquan","systemID":75698,"systemLevel":1,"warpRequired":1,"territory":"Independent","event":"","stationHub":1,"icon":"","deepDarkSpace":0,"uncommonArmadaRange":"","rareArmadaRange":"","epicArmadaRange":"","mines":"","hostiles":"Interceptor"}},{"type":"Feature","geometry":{"type":"Point","coordinates":[-1111,-6118]},"properties":{"name":"Jinnia","systemID":76222,"systemLevel":9,"warpRequired":5,"territory":"Independent","event":"","stationHub":1,"icon":"","deepDarkSpace":0,"uncommonArmadaRange":"","rareArmadaRange":"","epicArmadaRange":"","mines":"Tritanium","hostiles":"Battleship"}},{"type":"Feature","geometry":{"type":"Point","coordinates":[-775,-6131]},"properties":{"name":"Eravan","systemID":76223,"systemLevel":9,"warpRequired":5,"territory":"Independent","event":"","stationHub":1,"icon":"","deepDarkSpace":0,"uncommonArmadaRange":"","rareArmadaRange":"","epicArmadaRange":"","mines":"Tritanium","hostiles":"Battleship"}},{"type":"Feature","geometry":{"type":"Point","coordinates":[-1250,-5888]},"properties":{"name":"Obbia","systemID":76295,"systemLevel":1,"warpRequired":5,"territory":"Independent","event":"","stationHub":1,"icon":"","deepDarkSpace":0,"uncommonArmadaRange":"","rareArmadaRange":"","epicArmadaRange":"","mines":"","hostiles":"Interceptor"}},{"type":"Feature","geometry":{"type":"Point","coordinates":[-1206,-5884]},"properties":{"name":"Soman","systemID":76296,"systemLevel":1,"warpRequired":5,"territory":"Independent","event":"","stationHub":1,"icon":"","deepDarkSpace":0,"uncommonArmadaRange":"","rareArmadaRange":"","epicArmadaRange":"","mines":"","hostiles":"Interceptor"}},{"type":"Feature","geometry":{"type":"Point","coordinates":[-1197,-5943]},"properties":{"name":"Delbaana","systemID":76297,"systemLevel":1,"warpRequired":5,"territory":"Independent","event":"","stationHub":1,"icon":"","deepDarkSpace":0,"uncommonArmadaRange":"","rareArmadaRange":"","epicArmadaRange":"","mines":"","hostiles":"Interceptor"}},{"type":"Feature","geometry":{"type":"Point","coordinates":[-1621,-5753]},"properties":{"name":"Melllvar","systemID":76321,"systemLevel":1,"warpRequired":5,"territory":"Independent","event":"","stationHub":1,"icon":"","deepDarkSpace":0,"uncommonArmadaRange":"","rareArmadaRange":"","epicArmadaRange":"","mines":"","hostiles":"Interceptor"}},{"type":"Feature","geometry":{"type":"Point","coordinates":[-1625,-5816]},"properties":{"name":"New Sligo","systemID":76325,"systemLevel":1,"warpRequired":5,"territory":"Independent","event":"","stationHub":1,"icon":"","deepDarkSpace":0,"uncommonArmadaRange":"","rareArmadaRange":"","epicArmadaRange":"","mines":"","hostiles":"Interceptor"}},{"type":"Feature","geometry":{"type":"Point","coordinates":[-1608,-5703]},"properties":{"name":"Lanoitan","systemID":76328,"systemLevel":1,"warpRequired":5,"territory":"Independent","event":"","stationHub":1,"icon":"","deepDarkSpace":0,"uncommonArmadaRange":"","rareArmadaRange":"","epicArmadaRange":"","mines":"","hostiles":"Interceptor"}},{"type":"Feature","geometry":{"type":"Point","coordinates":[-1312,-6013]},"properties":{"name":"Colt","systemID":76329,"systemLevel":1,"warpRequired":5,"territory":"Independent","event":"","stationHub":1,"icon":"","deepDarkSpace":0,"uncommonArmadaRange":"","rareArmadaRange":"","epicArmadaRange":"","mines":"","hostiles":"Interceptor"}},{"type":"Feature","geometry":{"type":"Point","coordinates":[-1514,-6027]},"properties":{"name":"Lyra","systemID":76330,"systemLevel":1,"warpRequired":5,"territory":"Independent","event":"","stationHub":1,"icon":"","deepDarkSpace":0,"uncommonArmadaRange":"","rareArmadaRange":"","epicArmadaRange":"","mines":"","hostiles":"Interceptor"}},{"type":"Feature","geometry":{"type":"Point","coordinates":[-1401,-6012]},"properties":{"name":"Yerma","systemID":76332,"systemLevel":1,"warpRequired":5,"territory":"Independent","event":"","stationHub":1,"icon":"","deepDarkSpace":0,"uncommonArmadaRange":"","rareArmadaRange":"","epicArmadaRange":"","mines":"","hostiles":"Interceptor"}},{"type":"Feature","geometry":{"type":"Point","coordinates":[-1504,-5988]},"properties":{"name":"Injerra","systemID":76334,"systemLevel":1,"warpRequired":5,"territory":"Independent","event":"","stationHub":1,"icon":"","deepDarkSpace":0,"uncommonArmadaRange":"","rareArmadaRange":"","epicArmadaRange":"","mines":"","hostiles":"Interceptor"}},{"type":"Feature","geometry":{"type":"Point","coordinates":[-1267,-6032]},"properties":{"name":"Junid","systemID":76335,"systemLevel":1,"warpRequired":5,"territory":"Independent","event":"","stationHub":1,"icon":"","deepDarkSpace":0,"uncommonArmadaRange":"","rareArmadaRange":"","epicArmadaRange":"","mines":"","hostiles":""}},{"type":"Feature","geometry":{"type":"Point","coordinates":[-1607,-5811]},"properties":{"name":"Rabalon","systemID":76336,"systemLevel":2,"warpRequired":5,"territory":"Independent","event":"","stationHub":1,"icon":"","deepDarkSpace":0,"uncommonArmadaRange":"","rareArmadaRange":"","epicArmadaRange":"","mines":"Parsteel","hostiles":"Interceptor"}},{"type":"Feature","geometry":{"type":"Point","coordinates":[-1241,-5992]},"properties":{"name":"Dauan","systemID":76337,"systemLevel":1,"warpRequired":5,"territory":"Independent","event":"","stationHub":1,"icon":"","deepDarkSpace":0,"uncommonArmadaRange":"","rareArmadaRange":"","epicArmadaRange":"","mines":"","hostiles":"Interceptor"}},{"type":"Feature","geometry":{"type":"Point","coordinates":[-1493,-6047]},"properties":{"name":"Vatok","systemID":76338,"systemLevel":1,"warpRequired":5,"territory":"Independent","event":"","stationHub":1,"icon":"","deepDarkSpace":0,"uncommonArmadaRange":"","rareArmadaRange":"","epicArmadaRange":"","mines":"","hostiles":"Interceptor"}},{"type":"Feature","geometry":{"type":"Point","coordinates":[-1621,-5791]},"properties":{"name":"Orkon","systemID":76339,"systemLevel":1,"warpRequired":5,"territory":"Independent","event":"","stationHub":1,"icon":"","deepDarkSpace":0,"uncommonArmadaRange":"","rareArmadaRange":"","epicArmadaRange":"","mines":"","hostiles":"Interceptor"}},{"type":"Feature","geometry":{"type":"Point","coordinates":[-1615,-5833]},"properties":{"name":"Lotch","systemID":76340,"systemLevel":1,"warpRequired":5,"territory":"Independent","event":"","stationHub":1,"icon":"","deepDarkSpace":0,"uncommonArmadaRange":"","rareArmadaRange":"","epicArmadaRange":"","mines":"","hostiles":"Interceptor"}},{"type":"Feature","geometry":{"type":"Point","coordinates":[-1455,-6008]},"properties":{"name":"Laxos","systemID":76341,"systemLevel":1,"warpRequired":5,"territory":"Independent","event":"","stationHub":1,"icon":"","deepDarkSpace":0,"uncommonArmadaRange":"","rareArmadaRange":"","epicArmadaRange":"","mines":"","hostiles":"Interceptor"}},{"type":"Feature","geometry":{"type":"Point","coordinates":[-1434,-6054]},"properties":{"name":"Berebul","systemID":76342,"systemLevel":1,"warpRequired":5,"territory":"Independent","event":"","stationHub":1,"icon":"","deepDarkSpace":0,"uncommonArmadaRange":"","rareArmadaRange":"","epicArmadaRange":"","mines":"","hostiles":"Interceptor"}},{"type":"Feature","geometry":{"type":"Point","coordinates":[-1430,-5994]},"properties":{"name":"Hroga","systemID":76604,"systemLevel":2,"warpRequired":5,"territory":"Independent","event":"","stationHub":1,"icon":"","deepDarkSpace":0,"uncommonArmadaRange":"","rareArmadaRange":"","epicArmadaRange":"","mines":"Parsteel","hostiles":"Interceptor"}},{"type":"Feature","geometry":{"type":"Point","coordinates":[-1276,-5988]},"properties":{"name":"Zorga","systemID":76605,"systemLevel":2,"warpRequired":5,"territory":"Independent","event":"","stationHub":1,"icon":"","deepDarkSpace":0,"uncommonArmadaRange":"","rareArmadaRange":"","epicArmadaRange":"","mines":"Parsteel","hostiles":"Interceptor"}},{"type":"Feature","geometry":{"type":"Point","coordinates":[-1240,-5914]},"properties":{"name":"Wagirur","systemID":76606,"systemLevel":2,"warpRequired":5,"territory":"Independent","event":"","stationHub":1,"icon":"","deepDarkSpace":0,"uncommonArmadaRange":"","rareArmadaRange":"","epicArmadaRange":"","mines":"Parsteel","hostiles":"Interceptor"}},{"type":"Feature","geometry":{"type":"Point","coordinates":[-1481,-6008]},"properties":{"name":"Klora","systemID":77669,"systemLevel":2,"warpRequired":5,"territory":"Independent","event":"","stationHub":1,"icon":"","deepDarkSpace":0,"uncommonArmadaRange":"","rareArmadaRange":"","epicArmadaRange":"","mines":"Parsteel","hostiles":"Interceptor"}},{"type":"Feature","geometry":{"type":"Point","coordinates":[-1580,-5716]},"properties":{"name":"Gomes","systemID":78022,"systemLevel":2,"warpRequired":5,"territory":"Independent","event":"","stationHub":1,"icon":"","deepDarkSpace":0,"uncommonArmadaRange":"","rareArmadaRange":"","epicArmadaRange":"","mines":"","hostiles":"Interceptor"}},{"type":"Feature","geometry":{"type":"Point","coordinates":[-1491,-5560]},"properties":{"name":"Alacti","systemID":78023,"systemLevel":2,"warpRequired":5,"territory":"Independent","event":"","stationHub":1,"icon":"","deepDarkSpace":0,"uncommonArmadaRange":"","rareArmadaRange":"","epicArmadaRange":"","mines":"","hostiles":"Interceptor"}},{"type":"Feature","geometry":{"type":"Point","coordinates":[-1600,-5745]},"properties":{"name":"Vawur","systemID":78440,"systemLevel":2,"warpRequired":5,"territory":"Independent","event":"","stationHub":1,"icon":"","deepDarkSpace":0,"uncommonArmadaRange":"","rareArmadaRange":"","epicArmadaRange":"","mines":"Parsteel","hostiles":"Interceptor"}},{"type":"Feature","geometry":{"type":"Point","coordinates":[-1291,-5945]},"properties":{"name":"Vinland","systemID":78519,"systemLevel":4,"warpRequired":5,"territory":"Independent","event":"","stationHub":1,"icon":"","deepDarkSpace":0,"uncommonArmadaRange":"","rareArmadaRange":"","epicArmadaRange":"","mines":"Parsteel","hostiles":"Explorer, Interceptor"}},{"type":"Feature","geometry":{"type":"Point","coordinates":[-1558,-5803]},"properties":{"name":"Takik","systemID":78520,"systemLevel":4,"warpRequired":5,"territory":"Independent","event":"","stationHub":1,"icon":"","deepDarkSpace":0,"uncommonArmadaRange":"","rareArmadaRange":"","epicArmadaRange":"","mines":"Parsteel","hostiles":"Explorer, Interceptor"}},{"type":"Feature","geometry":{"type":"Point","coordinates":[-1456,-5940]},"properties":{"name":"Aker","systemID":78521,"systemLevel":4,"warpRequired":5,"territory":"Independent","event":"","stationHub":1,"icon":"","deepDarkSpace":0,"uncommonArmadaRange":"","rareArmadaRange":"","epicArmadaRange":"","mines":"Parsteel","hostiles":"Explorer, Interceptor"}},{"type":"Feature","geometry":{"type":"Point","coordinates":[-1370,-5949]},"properties":{"name":"Forhingre","systemID":78651,"systemLevel":5,"warpRequired":5,"territory":"Independent","event":"","stationHub":1,"icon":"","deepDarkSpace":0,"uncommonArmadaRange":"","rareArmadaRange":"","epicArmadaRange":"","mines":"Parsteel","hostiles":"Explorer, Interceptor"}},{"type":"Feature","geometry":{"type":"Point","coordinates":[-1541,-5893]},"properties":{"name":"Winber","systemID":78653,"systemLevel":5,"warpRequired":5,"territory":"Independent","event":"","stationHub":1,"icon":"","deepDarkSpace":0,"uncommonArmadaRange":"","rareArmadaRange":"","epicArmadaRange":"","mines":"Parsteel","hostiles":"Explorer, Interceptor"}},{"type":"Feature","geometry":{"type":"Point","coordinates":[-1343,-6151]},"properties":{"name":"Kito","systemID":78726,"systemLevel":9,"warpRequired":5,"territory":"Independent","event":"","stationHub":0,"icon":"","deepDarkSpace":0,"uncommonArmadaRange":"","rareArmadaRange":"","epicArmadaRange":"","mines":"Tritanium","hostiles":"Battleship"}},{"type":"Feature","geometry":{"type":"Point","coordinates":[-1642,-6041]},"properties":{"name":"Worhundelja","systemID":78727,"systemLevel":9,"warpRequired":5,"territory":"Independent","event":"","stationHub":0,"icon":"","deepDarkSpace":0,"uncommonArmadaRange":"","rareArmadaRange":"","epicArmadaRange":"","mines":"Tritanium","hostiles":"Battleship"}},{"type":"Feature","geometry":{"type":"Point","coordinates":[-1508,-5576]},"properties":{"name":"Wokapa","systemID":78788,"systemLevel":1,"warpRequired":5,"territory":"Independent","event":"","stationHub":1,"icon":"","deepDarkSpace":0,"uncommonArmadaRange":"","rareArmadaRange":"","epicArmadaRange":"","mines":"","hostiles":"Interceptor"}},{"type":"Feature","geometry":{"type":"Point","coordinates":[-1621,-5555]},"properties":{"name":"Agrico","systemID":78790,"systemLevel":1,"warpRequired":5,"territory":"Independent","event":"","stationHub":1,"icon":"","deepDarkSpace":0,"uncommonArmadaRange":"","rareArmadaRange":"","epicArmadaRange":"","mines":"","hostiles":"Interceptor"}},{"type":"Feature","geometry":{"type":"Point","coordinates":[-1536,-5583]},"properties":{"name":"Maynard","systemID":78791,"systemLevel":1,"warpRequired":5,"territory":"Independent","event":"","stationHub":1,"icon":"","deepDarkSpace":0,"uncommonArmadaRange":"","rareArmadaRange":"","epicArmadaRange":"","mines":"","hostiles":"Interceptor"}},{"type":"Feature","geometry":{"type":"Point","coordinates":[-1578,-5587]},"properties":{"name":"Odal","systemID":78792,"systemLevel":1,"warpRequired":5,"territory":"Independent","event":"","stationHub":1,"icon":"","deepDarkSpace":0,"uncommonArmadaRange":"","rareArmadaRange":"","epicArmadaRange":"","mines":"","hostiles":"Interceptor"}},{"type":"Feature","geometry":{"type":"Point","coordinates":[-1607,-5578]},"properties":{"name":"Entrunar","systemID":78793,"systemLevel":1,"warpRequired":5,"territory":"Independent","event":"","stationHub":1,"icon":"","deepDarkSpace":0,"uncommonArmadaRange":"","rareArmadaRange":"","epicArmadaRange":"","mines":"","hostiles":""}},{"type":"Feature","geometry":{"type":"Point","coordinates":[-1527,-5549]},"properties":{"name":"Dolcan","systemID":78967,"systemLevel":2,"warpRequired":5,"territory":"Independent","event":"","stationHub":1,"icon":"","deepDarkSpace":0,"uncommonArmadaRange":"","rareArmadaRange":"","epicArmadaRange":"","mines":"Parsteel","hostiles":"Interceptor"}},{"type":"Feature","geometry":{"type":"Point","coordinates":[-1594,-5552]},"properties":{"name":"Aetisan","systemID":78968,"systemLevel":2,"warpRequired":5,"territory":"Independent","event":"","stationHub":1,"icon":"","deepDarkSpace":0,"uncommonArmadaRange":"","rareArmadaRange":"","epicArmadaRange":"","mines":"Parsteel","hostiles":"Interceptor"}},{"type":"Feature","geometry":{"type":"Point","coordinates":[-1565,-5515]},"properties":{"name":"Bridford","systemID":79370,"systemLevel":4,"warpRequired":5,"territory":"Independent","event":"","stationHub":1,"icon":"","deepDarkSpace":0,"uncommonArmadaRange":"","rareArmadaRange":"","epicArmadaRange":"","mines":"Parsteel","hostiles":"Explorer, Interceptor"}},{"type":"Feature","geometry":{"type":"Point","coordinates":[-1635,-5375]},"properties":{"name":"Landi","systemID":79416,"systemLevel":4,"warpRequired":5,"territory":"Independent","event":"","stationHub":1,"icon":"","deepDarkSpace":0,"uncommonArmadaRange":"","rareArmadaRange":"","epicArmadaRange":"","mines":"Parsteel","hostiles":"Explorer, Interceptor"}},{"type":"Feature","geometry":{"type":"Point","coordinates":[-1525,-5293]},"properties":{"name":"Bohvanderro","systemID":79418,"systemLevel":4,"warpRequired":5,"territory":"Independent","event":"","stationHub":1,"icon":"","deepDarkSpace":0,"uncommonArmadaRange":"","rareArmadaRange":"","epicArmadaRange":"","mines":"Parsteel","hostiles":"Explorer, Interceptor"}},{"type":"Feature","geometry":{"type":"Point","coordinates":[-1626,-5481]},"properties":{"name":"Calex","systemID":79497,"systemLevel":5,"warpRequired":5,"territory":"Independent","event":"","stationHub":1,"icon":"","deepDarkSpace":0,"uncommonArmadaRange":"","rareArmadaRange":"","epicArmadaRange":"","mines":"Parsteel","hostiles":"Explorer, Interceptor"}},{"type":"Feature","geometry":{"type":"Point","coordinates":[-1584,-5291]},"properties":{"name":"Aoro","systemID":79500,"systemLevel":5,"warpRequired":5,"territory":"Independent","event":"","stationHub":1,"icon":"","deepDarkSpace":0,"uncommonArmadaRange":"","rareArmadaRange":"","epicArmadaRange":"","mines":"Parsteel","hostiles":"Explorer, Interceptor"}},{"type":"Feature","geometry":{"type":"Point","coordinates":[-1722,-5201]},"properties":{"name":"Palimer","systemID":79577,"systemLevel":9,"warpRequired":5,"territory":"Independent","event":"","stationHub":0,"icon":"","deepDarkSpace":0,"uncommonArmadaRange":"","rareArmadaRange":"","epicArmadaRange":"","mines":"Tritanium","hostiles":"Battleship"}},{"type":"Feature","geometry":{"type":"Point","coordinates":[-1741,-5499]},"properties":{"name":"Dyrr","systemID":79578,"systemLevel":9,"warpRequired":5,"territory":"Independent","event":"","stationHub":0,"icon":"","deepDarkSpace":0,"uncommonArmadaRange":"","rareArmadaRange":"","epicArmadaRange":"","mines":"Tritanium","hostiles":"Battleship"}},{"type":"Feature","geometry":{"type":"Point","coordinates":[-1546,-5232]},"properties":{"name":"Mulk","systemID":79631,"systemLevel":2,"warpRequired":5,"territory":"Independent","event":"","stationHub":1,"icon":"","deepDarkSpace":0,"uncommonArmadaRange":"","rareArmadaRange":"","epicArmadaRange":"","mines":"Parsteel","hostiles":"Interceptor"}},{"type":"Feature","geometry":{"type":"Point","coordinates":[-1695,-5399]},"properties":{"name":"Taoji","systemID":79632,"systemLevel":2,"warpRequired":5,"territory":"Independent","event":"","stationHub":1,"icon":"","deepDarkSpace":0,"uncommonArmadaRange":"","rareArmadaRange":"","epicArmadaRange":"","mines":"Parsteel","hostiles":"Interceptor"}},{"type":"Feature","geometry":{"type":"Point","coordinates":[-1685,-5315]},"properties":{"name":"Vinmaier","systemID":79633,"systemLevel":2,"warpRequired":5,"territory":"Independent","event":"","stationHub":1,"icon":"","deepDarkSpace":0,"uncommonArmadaRange":"","rareArmadaRange":"","epicArmadaRange":"","mines":"Parsteel","hostiles":"Interceptor"}},{"type":"Feature","geometry":{"type":"Point","coordinates":[-1477,-5272]},"properties":{"name":"Panuq","systemID":79634,"systemLevel":2,"warpRequired":5,"territory":"Independent","event":"","stationHub":1,"icon":"","deepDarkSpace":0,"uncommonArmadaRange":"","rareArmadaRange":"","epicArmadaRange":"","mines":"Parsteel","hostiles":"Interceptor"}},{"type":"Feature","geometry":{"type":"Point","coordinates":[-1592,-5204]},"properties":{"name":"Lockred","systemID":79916,"systemLevel":1,"warpRequired":5,"territory":"Independent","event":"","stationHub":1,"icon":"","deepDarkSpace":0,"uncommonArmadaRange":"","rareArmadaRange":"","epicArmadaRange":"","mines":"","hostiles":"Interceptor"}},{"type":"Feature","geometry":{"type":"Point","coordinates":[-1668,-5274]},"properties":{"name":"Nurt","systemID":79917,"systemLevel":1,"warpRequired":5,"territory":"Independent","event":"","stationHub":1,"icon":"","deepDarkSpace":0,"uncommonArmadaRange":"","rareArmadaRange":"","epicArmadaRange":"","mines":"","hostiles":"Interceptor"}},{"type":"Feature","geometry":{"type":"Point","coordinates":[-1730,-5404]},"properties":{"name":"Patton","systemID":79918,"systemLevel":1,"warpRequired":5,"territory":"Independent","event":"","stationHub":1,"icon":"","deepDarkSpace":0,"uncommonArmadaRange":"","rareArmadaRange":"","epicArmadaRange":"","mines":"","hostiles":"Interceptor"}},{"type":"Feature","geometry":{"type":"Point","coordinates":[-1442,-5278]},"properties":{"name":"Pinikou","systemID":79921,"systemLevel":1,"warpRequired":5,"territory":"Independent","event":"","stationHub":1,"icon":"","deepDarkSpace":0,"uncommonArmadaRange":"","rareArmadaRange":"","epicArmadaRange":"","mines":"","hostiles":"Interceptor"}},{"type":"Feature","geometry":{"type":"Point","coordinates":[-1546,-5179]},"properties":{"name":"Xoja","systemID":79923,"systemLevel":1,"warpRequired":5,"territory":"Independent","event":"","stationHub":1,"icon":"","deepDarkSpace":0,"uncommonArmadaRange":"","rareArmadaRange":"","epicArmadaRange":"","mines":"","hostiles":"Interceptor"}},{"type":"Feature","geometry":{"type":"Point","coordinates":[-1741,-5357]},"properties":{"name":"Cecin","systemID":79924,"systemLevel":1,"warpRequired":5,"territory":"Independent","event":"","stationHub":1,"icon":"","deepDarkSpace":0,"uncommonArmadaRange":"","rareArmadaRange":"","epicArmadaRange":"","mines":"","hostiles":"Interceptor"}},{"type":"Feature","geometry":{"type":"Point","coordinates":[-1713,-5433]},"properties":{"name":"Resola","systemID":79928,"systemLevel":1,"warpRequired":5,"territory":"Independent","event":"","stationHub":1,"icon":"","deepDarkSpace":0,"uncommonArmadaRange":"","rareArmadaRange":"","epicArmadaRange":"","mines":"","hostiles":"Interceptor"}},{"type":"Feature","geometry":{"type":"Point","coordinates":[-1510,-5211]},"properties":{"name":"Ramexik","systemID":79929,"systemLevel":1,"warpRequired":5,"territory":"Independent","event":"","stationHub":1,"icon":"","deepDarkSpace":0,"uncommonArmadaRange":"","rareArmadaRange":"","epicArmadaRange":"","mines":"","hostiles":"Interceptor"}},{"type":"Feature","geometry":{"type":"Point","coordinates":[-1492,-5246]},"properties":{"name":"Hessen","systemID":79930,"systemLevel":1,"warpRequired":5,"territory":"Independent","event":"","stationHub":1,"icon":"","deepDarkSpace":0,"uncommonArmadaRange":"","rareArmadaRange":"","epicArmadaRange":"","mines":"","hostiles":"Interceptor"}},{"type":"Feature","geometry":{"type":"Point","coordinates":[-1466,-5246]},"properties":{"name":"Kepp","systemID":79931,"systemLevel":1,"warpRequired":5,"territory":"Independent","event":"","stationHub":1,"icon":"","deepDarkSpace":0,"uncommonArmadaRange":"","rareArmadaRange":"","epicArmadaRange":"","mines":"","hostiles":"Interceptor"}},{"type":"Feature","geometry":{"type":"Point","coordinates":[-1731,-5310]},"properties":{"name":"Poservoz","systemID":79932,"systemLevel":1,"warpRequired":5,"territory":"Independent","event":"","stationHub":1,"icon":"","deepDarkSpace":0,"uncommonArmadaRange":"","rareArmadaRange":"","epicArmadaRange":"","mines":"","hostiles":"Interceptor"}},{"type":"Feature","geometry":{"type":"Point","coordinates":[-1713,-5280]},"properties":{"name":"Lunfa","systemID":79933,"systemLevel":1,"warpRequired":5,"territory":"Independent","event":"","stationHub":1,"icon":"","deepDarkSpace":0,"uncommonArmadaRange":"","rareArmadaRange":"","epicArmadaRange":"","mines":"","hostiles":"Interceptor"}},{"type":"Feature","geometry":{"type":"Point","coordinates":[-1000,-5249]},"properties":{"name":"Rozi","systemID":81005,"systemLevel":9,"warpRequired":5,"territory":"Independent","event":"","stationHub":1,"icon":"","deepDarkSpace":0,"uncommonArmadaRange":"","rareArmadaRange":"","epicArmadaRange":"","mines":"Parsteel","hostiles":"Battleship, Explorer"}},{"type":"Feature","geometry":{"type":"Point","coordinates":[-1049,-5239]},"properties":{"name":"Imgra","systemID":81085,"systemLevel":10,"warpRequired":5,"territory":"Independent","event":"","stationHub":1,"icon":"","deepDarkSpace":0,"uncommonArmadaRange":"","rareArmadaRange":"","epicArmadaRange":"","mines":"Tritanium","hostiles":"Battleship, Explorer"}},{"type":"Feature","geometry":{"type":"Point","coordinates":[-975,-5344]},"properties":{"name":"Whinnul","systemID":81181,"systemLevel":9,"warpRequired":5,"territory":"Independent","event":"","stationHub":1,"icon":"","deepDarkSpace":0,"uncommonArmadaRange":"","rareArmadaRange":"","epicArmadaRange":"","mines":"Tritanium","hostiles":"Battleship, Explorer"}},{"type":"Feature","geometry":{"type":"Point","coordinates":[-1145,-5138]},"properties":{"name":"Grenfil","systemID":81219,"systemLevel":9,"warpRequired":5,"territory":"Independent","event":"","stationHub":1,"icon":"","deepDarkSpace":0,"uncommonArmadaRange":"","rareArmadaRange":"","epicArmadaRange":"","mines":"Tritanium","hostiles":"Battleship, Explorer"}},{"type":"Feature","geometry":{"type":"Point","coordinates":[-783,-5061]},"properties":{"name":"Bellas","systemID":81250,"systemLevel":12,"warpRequired":8,"territory":"Independent","event":"","stationHub":1,"icon":"","deepDarkSpace":0,"uncommonArmadaRange":"","rareArmadaRange":"","epicArmadaRange":"","mines":"2* Raw Crystal","hostiles":"Battleship"}},{"type":"Feature","geometry":{"type":"Point","coordinates":[-602,-4886]},"properties":{"name":"Elona","systemID":81286,"systemLevel":13,"warpRequired":11,"territory":"Independent","event":"","stationHub":1,"icon":"","deepDarkSpace":0,"uncommonArmadaRange":"","rareArmadaRange":"","epicArmadaRange":"","mines":"Tritanium, 2* Raw Gas","hostiles":"Battleship"}},{"type":"Feature","geometry":{"type":"Point","coordinates":[-559,-4903]},"properties":{"name":"Cita Laga","systemID":81354,"systemLevel":15,"warpRequired":11,"territory":"Independent","event":"","stationHub":1,"icon":"","deepDarkSpace":0,"uncommonArmadaRange":"","rareArmadaRange":"","epicArmadaRange":"","mines":"2* Raw Gas","hostiles":"Interceptor"}},{"type":"Feature","geometry":{"type":"Point","coordinates":[-396,-4932]},"properties":{"name":"Freyda","systemID":81397,"systemLevel":17,"warpRequired":13,"territory":"Independent","event":"","stationHub":1,"icon":"","deepDarkSpace":0,"uncommonArmadaRange":"","rareArmadaRange":"","epicArmadaRange":"","mines":"Tritanium","hostiles":"Explorer"}},{"type":"Feature","geometry":{"type":"Point","coordinates":[-437,-4960]},"properties":{"name":"Opla","systemID":81459,"systemLevel":20,"warpRequired":13,"territory":"Independent","event":"Armada","stationHub":1,"icon":"","deepDarkSpace":0,"uncommonArmadaRange":"281K","rareArmadaRange":"","epicArmadaRange":"","mines":"2* Raw Gas","hostiles":"Explorer"}},{"type":"Feature","geometry":{"type":"Point","coordinates":[-1007,-5177]},"properties":{"name":"Luheez","systemID":81592,"systemLevel":9,"warpRequired":5,"territory":"Independent","event":"","stationHub":1,"icon":"","deepDarkSpace":0,"uncommonArmadaRange":"","rareArmadaRange":"","epicArmadaRange":"","mines":"Parsteel","hostiles":"Battleship, Explorer"}},{"type":"Feature","geometry":{"type":"Point","coordinates":[-985,-5212]},"properties":{"name":"Mari","systemID":81593,"systemLevel":9,"warpRequired":5,"territory":"Independent","event":"","stationHub":1,"icon":"","deepDarkSpace":0,"uncommonArmadaRange":"","rareArmadaRange":"","epicArmadaRange":"","mines":"Parsteel","hostiles":"Battleship, Explorer"}},{"type":"Feature","geometry":{"type":"Point","coordinates":[-1043,-5182]},"properties":{"name":"Dignam","systemID":81594,"systemLevel":9,"warpRequired":5,"territory":"Independent","event":"","stationHub":1,"icon":"","deepDarkSpace":0,"uncommonArmadaRange":"","rareArmadaRange":"","epicArmadaRange":"","mines":"Parsteel","hostiles":"Battleship, Explorer"}},{"type":"Feature","geometry":{"type":"Point","coordinates":[-1075,-5317]},"properties":{"name":"Fostaa","systemID":81603,"systemLevel":10,"warpRequired":5,"territory":"Independent","event":"","stationHub":1,"icon":"","deepDarkSpace":0,"uncommonArmadaRange":"","rareArmadaRange":"","epicArmadaRange":"","mines":"Tritanium","hostiles":"Battleship, Explorer"}},{"type":"Feature","geometry":{"type":"Point","coordinates":[-1137,-5367]},"properties":{"name":"Liynuk","systemID":81618,"systemLevel":9,"warpRequired":5,"territory":"Independent","event":"","stationHub":1,"icon":"","deepDarkSpace":0,"uncommonArmadaRange":"","rareArmadaRange":"","epicArmadaRange":"","mines":"Parsteel","hostiles":"Battleship, Explorer"}},{"type":"Feature","geometry":{"type":"Point","coordinates":[-1091,-5361]},"properties":{"name":"Flibble","systemID":81619,"systemLevel":9,"warpRequired":5,"territory":"Independent","event":"","stationHub":1,"icon":"","deepDarkSpace":0,"uncommonArmadaRange":"","rareArmadaRange":"","epicArmadaRange":"","mines":"Parsteel","hostiles":"Battleship, Explorer"}},{"type":"Feature","geometry":{"type":"Point","coordinates":[-1100,-5305]},"properties":{"name":"Sohkia","systemID":81622,"systemLevel":9,"warpRequired":5,"territory":"Independent","event":"","stationHub":1,"icon":"","deepDarkSpace":0,"uncommonArmadaRange":"","rareArmadaRange":"","epicArmadaRange":"","mines":"Parsteel","hostiles":"Battleship, Explorer"}},{"type":"Feature","geometry":{"type":"Point","coordinates":[-1120,-5336]},"properties":{"name":"Later","systemID":81623,"systemLevel":9,"warpRequired":5,"territory":"Independent","event":"","stationHub":1,"icon":"","deepDarkSpace":0,"uncommonArmadaRange":"","rareArmadaRange":"","epicArmadaRange":"","mines":"Parsteel","hostiles":"Battleship, Explorer"}},{"type":"Feature","geometry":{"type":"Point","coordinates":[-1040,-4815]},"properties":{"name":"Quvolis","systemID":81634,"systemLevel":11,"warpRequired":7,"territory":"Independent","event":"","stationHub":1,"icon":"","deepDarkSpace":0,"uncommonArmadaRange":"","rareArmadaRange":"","epicArmadaRange":"","mines":"","hostiles":"Battleship"}},{"type":"Feature","geometry":{"type":"Point","coordinates":[-1150,-4953]},"properties":{"name":"Honsao","systemID":81641,"systemLevel":10,"warpRequired":5,"territory":"Independent","event":"","stationHub":1,"icon":"","deepDarkSpace":0,"uncommonArmadaRange":"","rareArmadaRange":"","epicArmadaRange":"","mines":"Tritanium","hostiles":"Battleship, Explorer"}},{"type":"Feature","geometry":{"type":"Point","coordinates":[-1113,-4965]},"properties":{"name":"Collep","systemID":81642,"systemLevel":10,"warpRequired":5,"territory":"Independent","event":"","stationHub":1,"icon":"","deepDarkSpace":0,"uncommonArmadaRange":"","rareArmadaRange":"","epicArmadaRange":"","mines":"Tritanium","hostiles":"Battleship, Explorer"}},{"type":"Feature","geometry":{"type":"Point","coordinates":[-1082,-5027]},"properties":{"name":"Gobbo","systemID":81666,"systemLevel":9,"warpRequired":5,"territory":"Independent","event":"","stationHub":1,"icon":"","deepDarkSpace":0,"uncommonArmadaRange":"","rareArmadaRange":"","epicArmadaRange":"","mines":"Parsteel","hostiles":"Battleship, Explorer"}},{"type":"Feature","geometry":{"type":"Point","coordinates":[-1192,-5002]},"properties":{"name":"Yoki Neesh","systemID":81667,"systemLevel":9,"warpRequired":5,"territory":"Independent","event":"","stationHub":1,"icon":"","deepDarkSpace":0,"uncommonArmadaRange":"","rareArmadaRange":"","epicArmadaRange":"","mines":"Parsteel","hostiles":"Battleship, Explorer"}},{"type":"Feature","geometry":{"type":"Point","coordinates":[-1068,-4961]},"properties":{"name":"Una","systemID":81668,"systemLevel":9,"warpRequired":5,"territory":"Independent","event":"","stationHub":1,"icon":"","deepDarkSpace":0,"uncommonArmadaRange":"","rareArmadaRange":"","epicArmadaRange":"","mines":"Parsteel","hostiles":"Battleship, Explorer"}},{"type":"Feature","geometry":{"type":"Point","coordinates":[-1197,-4914]},"properties":{"name":"Maya","systemID":81669,"systemLevel":9,"warpRequired":5,"territory":"Independent","event":"","stationHub":1,"icon":"","deepDarkSpace":0,"uncommonArmadaRange":"","rareArmadaRange":"","epicArmadaRange":"","mines":"Parsteel","hostiles":"Battleship, Explorer"}},{"type":"Feature","geometry":{"type":"Point","coordinates":[-1080,-4941]},"properties":{"name":"Zonu","systemID":81670,"systemLevel":9,"warpRequired":5,"territory":"Independent","event":"","stationHub":1,"icon":"","deepDarkSpace":0,"uncommonArmadaRange":"","rareArmadaRange":"","epicArmadaRange":"","mines":"Parsteel","hostiles":"Battleship, Explorer"}},{"type":"Feature","geometry":{"type":"Point","coordinates":[-1063,-4995]},"properties":{"name":"Luca","systemID":81673,"systemLevel":9,"warpRequired":5,"territory":"Independent","event":"","stationHub":1,"icon":"","deepDarkSpace":0,"uncommonArmadaRange":"","rareArmadaRange":"","epicArmadaRange":"","mines":"Parsteel","hostiles":"Battleship, Explorer"}},{"type":"Feature","geometry":{"type":"Point","coordinates":[-1204,-4962]},"properties":{"name":"Alannah","systemID":81674,"systemLevel":9,"warpRequired":5,"territory":"Independent","event":"","stationHub":0,"icon":"","deepDarkSpace":0,"uncommonArmadaRange":"","rareArmadaRange":"","epicArmadaRange":"","mines":"Parsteel","hostiles":"Battleship, Explorer"}},{"type":"Feature","geometry":{"type":"Point","coordinates":[-1162,-4886]},"properties":{"name":"Dudu","systemID":82908,"systemLevel":9,"warpRequired":5,"territory":"Independent","event":"","stationHub":1,"icon":"","deepDarkSpace":0,"uncommonArmadaRange":"","rareArmadaRange":"","epicArmadaRange":"","mines":"Parsteel","hostiles":"Battleship, Explorer"}},{"type":"Feature","geometry":{"type":"Point","coordinates":[-912,-4900]},"properties":{"name":"Nelve","systemID":83345,"systemLevel":12,"warpRequired":8,"territory":"Independent","event":"","stationHub":1,"icon":"","deepDarkSpace":0,"uncommonArmadaRange":"","rareArmadaRange":"","epicArmadaRange":"","mines":"2* Raw Crystal","hostiles":"Interceptor"}},{"type":"Feature","geometry":{"type":"Point","coordinates":[-895,-5389]},"properties":{"name":"Donfo","systemID":83351,"systemLevel":10,"warpRequired":5,"territory":"Independent","event":"","stationHub":1,"icon":"","deepDarkSpace":0,"uncommonArmadaRange":"","rareArmadaRange":"","epicArmadaRange":"","mines":"Tritanium","hostiles":"Battleship, Explorer"}},{"type":"Feature","geometry":{"type":"Point","coordinates":[-890,-5345]},"properties":{"name":"Weh","systemID":83353,"systemLevel":10,"warpRequired":5,"territory":"Independent","event":"","stationHub":1,"icon":"","deepDarkSpace":0,"uncommonArmadaRange":"","rareArmadaRange":"","epicArmadaRange":"","mines":"","hostiles":""}},{"type":"Feature","geometry":{"type":"Point","coordinates":[-835,-5371]},"properties":{"name":"Elva","systemID":83362,"systemLevel":11,"warpRequired":7,"territory":"Independent","event":"","stationHub":1,"icon":"","deepDarkSpace":0,"uncommonArmadaRange":"","rareArmadaRange":"","epicArmadaRange":"","mines":"","hostiles":"Battleship"}},{"type":"Feature","geometry":{"type":"Point","coordinates":[-859,-5302]},"properties":{"name":"Aum","systemID":83373,"systemLevel":9,"warpRequired":5,"territory":"Independent","event":"","stationHub":1,"icon":"","deepDarkSpace":0,"uncommonArmadaRange":"","rareArmadaRange":"","epicArmadaRange":"","mines":"Parsteel","hostiles":"Battleship, Explorer"}},{"type":"Feature","geometry":{"type":"Point","coordinates":[-882,-5301]},"properties":{"name":"Bulut","systemID":83376,"systemLevel":9,"warpRequired":5,"territory":"Independent","event":"","stationHub":1,"icon":"","deepDarkSpace":0,"uncommonArmadaRange":"","rareArmadaRange":"","epicArmadaRange":"","mines":"Parsteel","hostiles":"Battleship, Explorer"}},{"type":"Feature","geometry":{"type":"Point","coordinates":[-855,-5332]},"properties":{"name":"Ethjamar","systemID":83385,"systemLevel":9,"warpRequired":5,"territory":"Independent","event":"","stationHub":1,"icon":"","deepDarkSpace":0,"uncommonArmadaRange":"","rareArmadaRange":"","epicArmadaRange":"","mines":"Parsteel","hostiles":"Battleship, Explorer"}},{"type":"Feature","geometry":{"type":"Point","coordinates":[-906,-5327]},"properties":{"name":"Somaochu","systemID":83386,"systemLevel":9,"warpRequired":5,"territory":"Independent","event":"","stationHub":1,"icon":"","deepDarkSpace":0,"uncommonArmadaRange":"","rareArmadaRange":"","epicArmadaRange":"","mines":"Parsteel","hostiles":""}},{"type":"Feature","geometry":{"type":"Point","coordinates":[-910,-5428]},"properties":{"name":"Mackers","systemID":83387,"systemLevel":9,"warpRequired":5,"territory":"Independent","event":"","stationHub":1,"icon":"","deepDarkSpace":0,"uncommonArmadaRange":"","rareArmadaRange":"","epicArmadaRange":"","mines":"Parsteel","hostiles":"Battleship, Explorer"}},{"type":"Feature","geometry":{"type":"Point","coordinates":[-883,-5415]},"properties":{"name":"Doraboro","systemID":83388,"systemLevel":9,"warpRequired":5,"territory":"Independent","event":"","stationHub":1,"icon":"","deepDarkSpace":0,"uncommonArmadaRange":"","rareArmadaRange":"","epicArmadaRange":"","mines":"Parsteel","hostiles":"Battleship, Explorer"}},{"type":"Feature","geometry":{"type":"Point","coordinates":[-868,-5395]},"properties":{"name":"Ellijo","systemID":83389,"systemLevel":9,"warpRequired":5,"territory":"Independent","event":"","stationHub":1,"icon":"","deepDarkSpace":0,"uncommonArmadaRange":"","rareArmadaRange":"","epicArmadaRange":"","mines":"Parsteel","hostiles":"Battleship, Explorer"}},{"type":"Feature","geometry":{"type":"Point","coordinates":[-927,-5407]},"properties":{"name":"Tynkar","systemID":83390,"systemLevel":9,"warpRequired":5,"territory":"Independent","event":"","stationHub":1,"icon":"","deepDarkSpace":0,"uncommonArmadaRange":"","rareArmadaRange":"","epicArmadaRange":"","mines":"Parsteel","hostiles":"Battleship, Explorer"}},{"type":"Feature","geometry":{"type":"Point","coordinates":[-575,-4530]},"properties":{"name":"Zeta Polis","systemID":11909028,"systemLevel":19,"warpRequired":13,"territory":"Independent","event":"","stationHub":1,"icon":"","deepDarkSpace":0,"uncommonArmadaRange":"","rareArmadaRange":"","epicArmadaRange":"","mines":"Parsteel","hostiles":"Battleship"}},{"type":"Feature","geometry":{"type":"Point","coordinates":[-491,-4835]},"properties":{"name":"Gra","systemID":60112512,"systemLevel":18,"warpRequired":12,"territory":"Independent","event":"","stationHub":1,"icon":"","deepDarkSpace":0,"uncommonArmadaRange":"","rareArmadaRange":"","epicArmadaRange":"","mines":"Tritanium","hostiles":"Interceptor"}},{"type":"Feature","geometry":{"type":"Point","coordinates":[-570,-4600]},"properties":{"name":"Kaus Borealis","systemID":69523071,"systemLevel":17,"warpRequired":13,"territory":"Independent","event":"","stationHub":1,"icon":"","deepDarkSpace":0,"uncommonArmadaRange":"","rareArmadaRange":"","epicArmadaRange":"","mines":"Parsteel","hostiles":"Interceptor"}},{"type":"Feature","geometry":{"type":"Point","coordinates":[-1041,-5672]},"properties":{"name":"Ulzar","systemID":72568276,"systemLevel":6,"warpRequired":5,"territory":"Independent","event":"","stationHub":1,"icon":"","deepDarkSpace":0,"uncommonArmadaRange":"","rareArmadaRange":"","epicArmadaRange":"","mines":"Parsteel","hostiles":"Explorer"}},{"type":"Feature","geometry":{"type":"Point","coordinates":[-1336,-5413]},"properties":{"name":"Iaswo","systemID":92012030,"systemLevel":6,"warpRequired":5,"territory":"Independent","event":"","stationHub":1,"icon":"","deepDarkSpace":0,"uncommonArmadaRange":"","rareArmadaRange":"","epicArmadaRange":"","mines":"Parsteel","hostiles":"Explorer"}},{"type":"Feature","geometry":{"type":"Point","coordinates":[-815,-4696]},"properties":{"name":"Zozalin","systemID":169288075,"systemLevel":9,"warpRequired":8,"territory":"Independent","event":"","stationHub":1,"icon":"","deepDarkSpace":0,"uncommonArmadaRange":"","rareArmadaRange":"","epicArmadaRange":"","mines":"Parsteel","hostiles":"Battleship, Explorer"}},{"type":"Feature","geometry":{"type":"Point","coordinates":[-1080,-5585]},"properties":{"name":"Pyr","systemID":175361866,"systemLevel":8,"warpRequired":5,"territory":"Independent","event":"","stationHub":1,"icon":"","deepDarkSpace":0,"uncommonArmadaRange":"","rareArmadaRange":"","epicArmadaRange":"","mines":"Parsteel","hostiles":"Battleship"}},{"type":"Feature","geometry":{"type":"Point","coordinates":[-454,-5163]},"properties":{"name":"Herias","systemID":189590910,"systemLevel":18,"warpRequired":13,"territory":"Independent","event":"Swarm","stationHub":0,"icon":"","deepDarkSpace":0,"uncommonArmadaRange":"","rareArmadaRange":"","epicArmadaRange":"","mines":"","hostiles":"Interceptor"}},{"type":"Feature","geometry":{"type":"Point","coordinates":[-577,-4939]},"properties":{"name":"Kohva","systemID":194317526,"systemLevel":15,"warpRequired":13,"territory":"Independent","event":"Swarm","stationHub":0,"icon":"","deepDarkSpace":0,"uncommonArmadaRange":"","rareArmadaRange":"","epicArmadaRange":"","mines":"","hostiles":"Interceptor"}},{"type":"Feature","geometry":{"type":"Point","coordinates":[-538,-4923]},"properties":{"name":"Coridan","systemID":218039082,"systemLevel":16,"warpRequired":13,"territory":"Independent","event":"","stationHub":0,"icon":"","deepDarkSpace":0,"uncommonArmadaRange":"","rareArmadaRange":"","epicArmadaRange":"","mines":"Dilithium","hostiles":"Battleship"}},{"type":"Feature","geometry":{"type":"Point","coordinates":[-1026,-5691]},"properties":{"name":"Mielikki","systemID":222360364,"systemLevel":6,"warpRequired":5,"territory":"Independent","event":"","stationHub":1,"icon":"","deepDarkSpace":0,"uncommonArmadaRange":"","rareArmadaRange":"","epicArmadaRange":"","mines":"Parsteel","hostiles":"Explorer"}},{"type":"Feature","geometry":{"type":"Point","coordinates":[-829,-4778]},"properties":{"name":"Vogum","systemID":253393601,"systemLevel":9,"warpRequired":8,"territory":"Independent","event":"","stationHub":1,"icon":"","deepDarkSpace":0,"uncommonArmadaRange":"","rareArmadaRange":"","epicArmadaRange":"","mines":"Parsteel","hostiles":"Battleship, Explorer"}},{"type":"Feature","geometry":{"type":"Point","coordinates":[-1037,-5585]},"properties":{"name":"Bernin","systemID":276621500,"systemLevel":8,"warpRequired":5,"territory":"Independent","event":"","stationHub":1,"icon":"","deepDarkSpace":0,"uncommonArmadaRange":"","rareArmadaRange":"","epicArmadaRange":"","mines":"Parsteel","hostiles":"Battleship"}},{"type":"Feature","geometry":{"type":"Point","coordinates":[-791,-4736]},"properties":{"name":"Lodum","systemID":282428991,"systemLevel":9,"warpRequired":8,"territory":"Independent","event":"","stationHub":1,"icon":"","deepDarkSpace":0,"uncommonArmadaRange":"","rareArmadaRange":"","epicArmadaRange":"","mines":"Parsteel","hostiles":"Battleship, Explorer"}},{"type":"Feature","geometry":{"type":"Point","coordinates":[-1063,-5734]},"properties":{"name":"Alonso","systemID":283762244,"systemLevel":6,"warpRequired":5,"territory":"Independent","event":"","stationHub":0,"icon":"","deepDarkSpace":0,"uncommonArmadaRange":"","rareArmadaRange":"","epicArmadaRange":"","mines":"Parsteel","hostiles":"Explorer"}},{"type":"Feature","geometry":{"type":"Point","coordinates":[-739,-5111]},"properties":{"name":"Qubas","systemID":288654275,"systemLevel":9,"warpRequired":8,"territory":"Independent","event":"","stationHub":1,"icon":"","deepDarkSpace":0,"uncommonArmadaRange":"","rareArmadaRange":"","epicArmadaRange":"","mines":"Parsteel","hostiles":"Battleship, Explorer"}},{"type":"Feature","geometry":{"type":"Point","coordinates":[-1196,-5528]},"properties":{"name":"Fithis","systemID":321133037,"systemLevel":8,"warpRequired":5,"territory":"Independent","event":"","stationHub":0,"icon":"","deepDarkSpace":0,"uncommonArmadaRange":"","rareArmadaRange":"","epicArmadaRange":"","mines":"Tritanium","hostiles":"Battleship"}},{"type":"Feature","geometry":{"type":"Point","coordinates":[-1246,-5612]},"properties":{"name":"Fyufi","systemID":326597973,"systemLevel":6,"warpRequired":5,"territory":"Independent","event":"","stationHub":1,"icon":"","deepDarkSpace":0,"uncommonArmadaRange":"","rareArmadaRange":"","epicArmadaRange":"","mines":"Parsteel","hostiles":"Explorer"}},{"type":"Feature","geometry":{"type":"Point","coordinates":[-1337,-5381]},"properties":{"name":"Solusta","systemID":326639237,"systemLevel":7,"warpRequired":5,"territory":"Independent","event":"","stationHub":0,"icon":"","deepDarkSpace":0,"uncommonArmadaRange":"","rareArmadaRange":"","epicArmadaRange":"","mines":"Tritanium","hostiles":"Explorer"}},{"type":"Feature","geometry":{"type":"Point","coordinates":[-475,-4987]},"properties":{"name":"Gelvin","systemID":335238400,"systemLevel":19,"warpRequired":13,"territory":"Independent","event":"","stationHub":1,"icon":"","deepDarkSpace":0,"uncommonArmadaRange":"","rareArmadaRange":"","epicArmadaRange":"","mines":"Parsteel","hostiles":"Explorer"}},{"type":"Feature","geometry":{"type":"Point","coordinates":[-1222,-5643]},"properties":{"name":"Coth","systemID":363397350,"systemLevel":7,"warpRequired":5,"territory":"Independent","event":"","stationHub":0,"icon":"","deepDarkSpace":0,"uncommonArmadaRange":"","rareArmadaRange":"","epicArmadaRange":"","mines":"Tritanium","hostiles":"Explorer"}},{"type":"Feature","geometry":{"type":"Point","coordinates":[-716,-5144]},"properties":{"name":"Yosiqul","systemID":446076352,"systemLevel":9,"warpRequired":8,"territory":"Independent","event":"","stationHub":1,"icon":"","deepDarkSpace":0,"uncommonArmadaRange":"","rareArmadaRange":"","epicArmadaRange":"","mines":"Parsteel","hostiles":"Battleship, Explorer"}},{"type":"Feature","geometry":{"type":"Point","coordinates":[-913,-4771]},"properties":{"name":"Kayojui","systemID":451252032,"systemLevel":9,"warpRequired":8,"territory":"Independent","event":"","stationHub":1,"icon":"","deepDarkSpace":0,"uncommonArmadaRange":"","rareArmadaRange":"","epicArmadaRange":"","mines":"Parsteel","hostiles":"Battleship, Explorer"}},{"type":"Feature","geometry":{"type":"Point","coordinates":[-935,-5642]},"properties":{"name":"Kauko","systemID":452560379,"systemLevel":6,"warpRequired":5,"territory":"Independent","event":"","stationHub":1,"icon":"","deepDarkSpace":0,"uncommonArmadaRange":"","rareArmadaRange":"","epicArmadaRange":"","mines":"Parsteel","hostiles":"Explorer"}},{"type":"Feature","geometry":{"type":"Point","coordinates":[-371,-4734]},"properties":{"name":"Wezen","systemID":464460417,"systemLevel":18,"warpRequired":13,"territory":"Independent","event":"","stationHub":1,"icon":"","deepDarkSpace":0,"uncommonArmadaRange":"","rareArmadaRange":"","epicArmadaRange":"","mines":"Tritanium","hostiles":"Interceptor"}},{"type":"Feature","geometry":{"type":"Point","coordinates":[-485,-4949]},"properties":{"name":"Ora Leraa","systemID":507279929,"systemLevel":16,"warpRequired":13,"territory":"Independent","event":"","stationHub":1,"icon":"","deepDarkSpace":0,"uncommonArmadaRange":"","rareArmadaRange":"","epicArmadaRange":"","mines":"Tritanium","hostiles":"Interceptor"}},{"type":"Feature","geometry":{"type":"Point","coordinates":[-452,-4863]},"properties":{"name":"Ragnarr","systemID":543818924,"systemLevel":17,"warpRequired":12,"territory":"Independent","event":"","stationHub":1,"icon":"","deepDarkSpace":0,"uncommonArmadaRange":"","rareArmadaRange":"","epicArmadaRange":"","mines":"Tritanium","hostiles":"Explorer"}},{"type":"Feature","geometry":{"type":"Point","coordinates":[-604,-4659]},"properties":{"name":"Krah'Hor","systemID":553301075,"systemLevel":18,"warpRequired":13,"territory":"Independent","event":"","stationHub":0,"icon":"","deepDarkSpace":0,"uncommonArmadaRange":"","rareArmadaRange":"","epicArmadaRange":"","mines":"Dilithium","hostiles":"Interceptor"}},{"type":"Feature","geometry":{"type":"Point","coordinates":[-1191,-5553]},"properties":{"name":"Cara Alpha","systemID":559795005,"systemLevel":8,"warpRequired":5,"territory":"Independent","event":"","stationHub":1,"icon":"","deepDarkSpace":0,"uncommonArmadaRange":"","rareArmadaRange":"","epicArmadaRange":"","mines":"Parsteel","hostiles":"Battleship"}},{"type":"Feature","geometry":{"type":"Point","coordinates":[-1285,-5319]},"properties":{"name":"Zog","systemID":584883407,"systemLevel":8,"warpRequired":5,"territory":"Independent","event":"","stationHub":1,"icon":"","deepDarkSpace":0,"uncommonArmadaRange":"","rareArmadaRange":"","epicArmadaRange":"","mines":"Parsteel","hostiles":"Battleship"}},{"type":"Feature","geometry":{"type":"Point","coordinates":[-680,-4775]},"properties":{"name":"Zaurak","systemID":601072182,"systemLevel":13,"warpRequired":11,"territory":"Independent","event":"","stationHub":1,"icon":"","deepDarkSpace":0,"uncommonArmadaRange":"","rareArmadaRange":"","epicArmadaRange":"","mines":"Tritanium, 2* Raw Gas","hostiles":"Explorer"}},{"type":"Feature","geometry":{"type":"Point","coordinates":[-474,-4837]},"properties":{"name":"Dle'greffo","systemID":604074052,"systemLevel":18,"warpRequired":12,"territory":"Independent","event":"","stationHub":1,"icon":"","deepDarkSpace":0,"uncommonArmadaRange":"","rareArmadaRange":"","epicArmadaRange":"","mines":"Parsteel","hostiles":"Battleship"}},{"type":"Feature","geometry":{"type":"Point","coordinates":[-1069,-5608]},"properties":{"name":"Suilneimhe","systemID":624359904,"systemLevel":8,"warpRequired":5,"territory":"Independent","event":"","stationHub":0,"icon":"","deepDarkSpace":0,"uncommonArmadaRange":"","rareArmadaRange":"","epicArmadaRange":"","mines":"Tritanium","hostiles":"Battleship"}},{"type":"Feature","geometry":{"type":"Point","coordinates":[-812,-5181]},"properties":{"name":"Utoqa","systemID":659054346,"systemLevel":10,"warpRequired":8,"territory":"Independent","event":"","stationHub":1,"icon":"","deepDarkSpace":0,"uncommonArmadaRange":"","rareArmadaRange":"","epicArmadaRange":"","mines":"Tritanium","hostiles":"Battleship, Explorer"}},{"type":"Feature","geometry":{"type":"Point","coordinates":[-921,-5702]},"properties":{"name":"Leza","systemID":667166609,"systemLevel":6,"warpRequired":5,"territory":"Independent","event":"","stationHub":1,"icon":"","deepDarkSpace":0,"uncommonArmadaRange":"","rareArmadaRange":"","epicArmadaRange":"","mines":"Parsteel","hostiles":"Explorer"}},{"type":"Feature","geometry":{"type":"Point","coordinates":[-948,-5680]},"properties":{"name":"Tapio","systemID":670982212,"systemLevel":6,"warpRequired":5,"territory":"Independent","event":"","stationHub":1,"icon":"","deepDarkSpace":0,"uncommonArmadaRange":"","rareArmadaRange":"","epicArmadaRange":"","mines":"Parsteel","hostiles":"Explorer"}},{"type":"Feature","geometry":{"type":"Point","coordinates":[-471,-4878]},"properties":{"name":"Atreig","systemID":719474967,"systemLevel":16,"warpRequired":12,"territory":"Independent","event":"","stationHub":0,"icon":"","deepDarkSpace":0,"uncommonArmadaRange":"","rareArmadaRange":"","epicArmadaRange":"","mines":"Parsteel","hostiles":"Interceptor"}},{"type":"Feature","geometry":{"type":"Point","coordinates":[-525,-4531]},"properties":{"name":"Beta Vordunn","systemID":725572971,"systemLevel":20,"warpRequired":15,"territory":"Independent","event":"Swarm","stationHub":0,"icon":"","deepDarkSpace":0,"uncommonArmadaRange":"","rareArmadaRange":"","epicArmadaRange":"","mines":"","hostiles":"Interceptor"}},{"type":"Feature","geometry":{"type":"Point","coordinates":[-905,-4810]},"properties":{"name":"Friefra","systemID":729358569,"systemLevel":10,"warpRequired":8,"territory":"Independent","event":"","stationHub":1,"icon":"","deepDarkSpace":0,"uncommonArmadaRange":"","rareArmadaRange":"","epicArmadaRange":"","mines":"Tritanium","hostiles":"Battleship, Explorer"}},{"type":"Feature","geometry":{"type":"Point","coordinates":[-1223,-5535]},"properties":{"name":"Cara Beta","systemID":748005167,"systemLevel":8,"warpRequired":5,"territory":"Independent","event":"","stationHub":1,"icon":"","deepDarkSpace":0,"uncommonArmadaRange":"","rareArmadaRange":"","epicArmadaRange":"","mines":"Parsteel","hostiles":"Battleship"}},{"type":"Feature","geometry":{"type":"Point","coordinates":[-843,-5164]},"properties":{"name":"Nooia","systemID":750169626,"systemLevel":9,"warpRequired":8,"territory":"Independent","event":"","stationHub":1,"icon":"","deepDarkSpace":0,"uncommonArmadaRange":"","rareArmadaRange":"","epicArmadaRange":"","mines":"Parsteel","hostiles":"Battleship, Explorer"}},{"type":"Feature","geometry":{"type":"Point","coordinates":[-761,-4587]},"properties":{"name":"Rainsford","systemID":753424302,"systemLevel":20,"warpRequired":13,"territory":"Augment","event":"","stationHub":0,"icon":"","deepDarkSpace":0,"uncommonArmadaRange":"","rareArmadaRange":"","epicArmadaRange":"","mines":"Corrupted Data","hostiles":"Explorer, Interceptor"}},{"type":"Feature","geometry":{"type":"Point","coordinates":[-1190,-5659]},"properties":{"name":"Veist","systemID":787441530,"systemLevel":6,"warpRequired":5,"territory":"Independent","event":"","stationHub":1,"icon":"","deepDarkSpace":0,"uncommonArmadaRange":"","rareArmadaRange":"","epicArmadaRange":"","mines":"Parsteel","hostiles":"Explorer"}},{"type":"Feature","geometry":{"type":"Point","coordinates":[-898,-5555]},"properties":{"name":"Sual","systemID":825963253,"systemLevel":8,"warpRequired":5,"territory":"Independent","event":"","stationHub":1,"icon":"","deepDarkSpace":0,"uncommonArmadaRange":"","rareArmadaRange":"","epicArmadaRange":"","mines":"Parsteel","hostiles":"Battleship"}},{"type":"Feature","geometry":{"type":"Point","coordinates":[-794,-5232]},"properties":{"name":"Suqigor","systemID":827398350,"systemLevel":9,"warpRequired":8,"territory":"Independent","event":"","stationHub":1,"icon":"","deepDarkSpace":0,"uncommonArmadaRange":"","rareArmadaRange":"","epicArmadaRange":"","mines":"Parsteel","hostiles":"Battleship, Explorer"}},{"type":"Feature","geometry":{"type":"Point","coordinates":[-1187,-5633]},"properties":{"name":"Wretsky","systemID":837719583,"systemLevel":6,"warpRequired":5,"territory":"Independent","event":"","stationHub":1,"icon":"","deepDarkSpace":0,"uncommonArmadaRange":"","rareArmadaRange":"","epicArmadaRange":"","mines":"Parsteel","hostiles":"Explorer"}},{"type":"Feature","geometry":{"type":"Point","coordinates":[-1224,-5605]},"properties":{"name":"Gurdy","systemID":841664901,"systemLevel":6,"warpRequired":5,"territory":"Independent","event":"","stationHub":1,"icon":"","deepDarkSpace":0,"uncommonArmadaRange":"","rareArmadaRange":"","epicArmadaRange":"","mines":"Parsteel","hostiles":"Explorer"}},{"type":"Feature","geometry":{"type":"Point","coordinates":[-592,-4584]},"properties":{"name":"Azha","systemID":849541812,"systemLevel":20,"warpRequired":13,"territory":"Independent","event":"Armada","stationHub":1,"icon":"","deepDarkSpace":0,"uncommonArmadaRange":"","rareArmadaRange":"","epicArmadaRange":"","mines":"2* Raw Crystal","hostiles":"Interceptor"}},{"type":"Feature","geometry":{"type":"Point","coordinates":[-1322,-5287]},"properties":{"name":"Robesi","systemID":884503884,"systemLevel":8,"warpRequired":5,"territory":"Independent","event":"","stationHub":1,"icon":"","deepDarkSpace":0,"uncommonArmadaRange":"","rareArmadaRange":"","epicArmadaRange":"","mines":"Parsteel","hostiles":"Battleship"}},{"type":"Feature","geometry":{"type":"Point","coordinates":[-461,-5026]},"properties":{"name":"Skyedark","systemID":910353989,"systemLevel":18,"warpRequired":13,"territory":"Independent","event":"","stationHub":1,"icon":"","deepDarkSpace":0,"uncommonArmadaRange":"","rareArmadaRange":"","epicArmadaRange":"","mines":"Parsteel","hostiles":"Battleship"}},{"type":"Feature","geometry":{"type":"Point","coordinates":[-889,-5646]},"properties":{"name":"Katonda","systemID":930153285,"systemLevel":6,"warpRequired":5,"territory":"Independent","event":"","stationHub":1,"icon":"","deepDarkSpace":0,"uncommonArmadaRange":"","rareArmadaRange":"","epicArmadaRange":"","mines":"Parsteel","hostiles":"Explorer"}},{"type":"Feature","geometry":{"type":"Point","coordinates":[-1316,-5367]},"properties":{"name":"Istyna","systemID":935197920,"systemLevel":6,"warpRequired":5,"territory":"Independent","event":"","stationHub":1,"icon":"","deepDarkSpace":0,"uncommonArmadaRange":"","rareArmadaRange":"","epicArmadaRange":"","mines":"Parsteel","hostiles":"Explorer"}},{"type":"Feature","geometry":{"type":"Point","coordinates":[-454,-5067]},"properties":{"name":"Kosz","systemID":937831006,"systemLevel":19,"warpRequired":13,"territory":"Independent","event":"","stationHub":1,"icon":"","deepDarkSpace":0,"uncommonArmadaRange":"","rareArmadaRange":"","epicArmadaRange":"","mines":"Tritanium","hostiles":"Interceptor"}},{"type":"Feature","geometry":{"type":"Point","coordinates":[-545,-4671]},"properties":{"name":"Amador","systemID":959318428,"systemLevel":19,"warpRequired":12,"territory":"Independent","event":"","stationHub":0,"icon":"","deepDarkSpace":0,"uncommonArmadaRange":"","rareArmadaRange":"","epicArmadaRange":"","mines":"Dilithium, 2* Raw Crystal","hostiles":"Battleship, Interceptor"}},{"type":"Feature","geometry":{"type":"Point","coordinates":[-498,-4561]},"properties":{"name":"Ezani","systemID":959781310,"systemLevel":19,"warpRequired":15,"territory":"Independent","event":"Swarm","stationHub":0,"icon":"","deepDarkSpace":0,"uncommonArmadaRange":"","rareArmadaRange":"","epicArmadaRange":"","mines":"","hostiles":"Interceptor"}},{"type":"Feature","geometry":{"type":"Point","coordinates":[-394,-4758]},"properties":{"name":"Vemet","systemID":1012246624,"systemLevel":17,"warpRequired":13,"territory":"Independent","event":"","stationHub":1,"icon":"","deepDarkSpace":0,"uncommonArmadaRange":"","rareArmadaRange":"","epicArmadaRange":"","mines":"Parsteel","hostiles":"Battleship"}},{"type":"Feature","geometry":{"type":"Point","coordinates":[-482,-4853]},"properties":{"name":"Midnight","systemID":1017582787,"systemLevel":19,"warpRequired":12,"territory":"Independent","event":"","stationHub":0,"icon":"","deepDarkSpace":0,"uncommonArmadaRange":"","rareArmadaRange":"","epicArmadaRange":"","mines":"Dilithium, 2* Raw Gas","hostiles":"Battleship, Explorer"}},{"type":"Feature","geometry":{"type":"Point","coordinates":[-1052,-5623]},"properties":{"name":"Maglynn","systemID":1040185241,"systemLevel":8,"warpRequired":5,"territory":"Independent","event":"","stationHub":1,"icon":"","deepDarkSpace":0,"uncommonArmadaRange":"","rareArmadaRange":"","epicArmadaRange":"","mines":"Parsteel","hostiles":"Battleship"}},{"type":"Feature","geometry":{"type":"Point","coordinates":[-1283,-5241]},"properties":{"name":"Demavar","systemID":1079232378,"systemLevel":8,"warpRequired":5,"territory":"Independent","event":"","stationHub":1,"icon":"","deepDarkSpace":0,"uncommonArmadaRange":"","rareArmadaRange":"","epicArmadaRange":"","mines":"Parsteel","hostiles":"Battleship"}},{"type":"Feature","geometry":{"type":"Point","coordinates":[-527,-4848]},"properties":{"name":"Obilent","systemID":1083794899,"systemLevel":17,"warpRequired":12,"territory":"Independent","event":"","stationHub":1,"icon":"","deepDarkSpace":0,"uncommonArmadaRange":"","rareArmadaRange":"","epicArmadaRange":"","mines":"2* Raw Ore","hostiles":"Explorer, Interceptor"}},{"type":"Feature","geometry":{"type":"Point","coordinates":[-450,-4908]},"properties":{"name":"Pune","systemID":1091871393,"systemLevel":16,"warpRequired":13,"territory":"Independent","event":"","stationHub":1,"icon":"","deepDarkSpace":0,"uncommonArmadaRange":"","rareArmadaRange":"","epicArmadaRange":"","mines":"Parsteel","hostiles":"Battleship"}},{"type":"Feature","geometry":{"type":"Point","coordinates":[-555,-4717]},"properties":{"name":"Laidcenn","systemID":1107520183,"systemLevel":17,"warpRequired":12,"territory":"Independent","event":"","stationHub":1,"icon":"","deepDarkSpace":0,"uncommonArmadaRange":"","rareArmadaRange":"","epicArmadaRange":"","mines":"Tritanium","hostiles":"Explorer"}},{"type":"Feature","geometry":{"type":"Point","coordinates":[-380,-4745]},"properties":{"name":"Zhang","systemID":1113049160,"systemLevel":19,"warpRequired":13,"territory":"Independent","event":"","stationHub":1,"icon":"","deepDarkSpace":0,"uncommonArmadaRange":"","rareArmadaRange":"","epicArmadaRange":"","mines":"Tritanium","hostiles":"Explorer"}},{"type":"Feature","geometry":{"type":"Point","coordinates":[-542,-4709]},"properties":{"name":"Ocus","systemID":1114669837,"systemLevel":16,"warpRequired":12,"territory":"Independent","event":"","stationHub":1,"icon":"","deepDarkSpace":0,"uncommonArmadaRange":"","rareArmadaRange":"","epicArmadaRange":"","mines":"Tritanium","hostiles":"Interceptor"}},{"type":"Feature","geometry":{"type":"Point","coordinates":[-1361,-5363]},"properties":{"name":"Taleka","systemID":1127775915,"systemLevel":6,"warpRequired":5,"territory":"Independent","event":"","stationHub":1,"icon":"","deepDarkSpace":0,"uncommonArmadaRange":"","rareArmadaRange":"","epicArmadaRange":"","mines":"Parsteel","hostiles":"Explorer"}},{"type":"Feature","geometry":{"type":"Point","coordinates":[-550,-4783]},"properties":{"name":"Deneva","systemID":1135473830,"systemLevel":15,"warpRequired":11,"territory":"Independent","event":"","stationHub":1,"icon":"hub","deepDarkSpace":0,"uncommonArmadaRange":"","rareArmadaRange":"","epicArmadaRange":"","mines":"Dilithium, 2* Raw Ore","hostiles":"Explorer"}},{"type":"Feature","geometry":{"type":"Point","coordinates":[-1385,-5376]},"properties":{"name":"Littledove","systemID":1145122202,"systemLevel":6,"warpRequired":5,"territory":"Independent","event":"","stationHub":1,"icon":"","deepDarkSpace":0,"uncommonArmadaRange":"","rareArmadaRange":"","epicArmadaRange":"","mines":"Parsteel","hostiles":"Explorer"}},{"type":"Feature","geometry":{"type":"Point","coordinates":[-493,-5158]},"properties":{"name":"Altamid","systemID":1147698260,"systemLevel":17,"warpRequired":13,"territory":"Independent","event":"Swarm","stationHub":0,"icon":"","deepDarkSpace":0,"uncommonArmadaRange":"","rareArmadaRange":"","epicArmadaRange":"","mines":"","hostiles":"Interceptor"}},{"type":"Feature","geometry":{"type":"Point","coordinates":[-1172,-5497]},"properties":{"name":"Rosenberg","systemID":1153115109,"systemLevel":8,"warpRequired":5,"territory":"Independent","event":"","stationHub":1,"icon":"","deepDarkSpace":0,"uncommonArmadaRange":"","rareArmadaRange":"","epicArmadaRange":"","mines":"Parsteel","hostiles":"Battleship"}},{"type":"Feature","geometry":{"type":"Point","coordinates":[-946,-5559]},"properties":{"name":"Ergantal","systemID":1154653215,"systemLevel":8,"warpRequired":5,"territory":"Independent","event":"","stationHub":1,"icon":"","deepDarkSpace":0,"uncommonArmadaRange":"","rareArmadaRange":"","epicArmadaRange":"","mines":"Parsteel","hostiles":"Battleship"}},{"type":"Feature","geometry":{"type":"Point","coordinates":[-585,-4622]},"properties":{"name":"Kaus Australis","systemID":1154764176,"systemLevel":16,"warpRequired":13,"territory":"Independent","event":"","stationHub":1,"icon":"","deepDarkSpace":0,"uncommonArmadaRange":"","rareArmadaRange":"","epicArmadaRange":"","mines":"Tritanium","hostiles":"Battleship"}},{"type":"Feature","geometry":{"type":"Point","coordinates":[-638,-4584]},"properties":{"name":"Helvetios","systemID":1172806400,"systemLevel":18,"warpRequired":13,"territory":"Independent","event":"","stationHub":1,"icon":"","deepDarkSpace":0,"uncommonArmadaRange":"","rareArmadaRange":"","epicArmadaRange":"","mines":"Parsteel","hostiles":"Battleship"}},{"type":"Feature","geometry":{"type":"Point","coordinates":[-882,-4696]},"properties":{"name":"Eojur","systemID":1173652866,"systemLevel":11,"warpRequired":7,"territory":"Independent","event":"","stationHub":1,"icon":"","deepDarkSpace":0,"uncommonArmadaRange":"","rareArmadaRange":"","epicArmadaRange":"","mines":"","hostiles":"Interceptor"}},{"type":"Feature","geometry":{"type":"Point","coordinates":[-425,-4674]},"properties":{"name":"Aciben","systemID":1184282738,"systemLevel":17,"warpRequired":13,"territory":"Independent","event":"","stationHub":0,"icon":"","deepDarkSpace":0,"uncommonArmadaRange":"","rareArmadaRange":"","epicArmadaRange":"","mines":"Tritanium","hostiles":"Battleship"}},{"type":"Feature","geometry":{"type":"Point","coordinates":[-597,-4772]},"properties":{"name":"Lycia","systemID":1203174739,"systemLevel":14,"warpRequired":12,"territory":"Independent","event":"","stationHub":1,"icon":"","deepDarkSpace":0,"uncommonArmadaRange":"","rareArmadaRange":"","epicArmadaRange":"","mines":"2* Raw Crystal","hostiles":"Interceptor"}},{"type":"Feature","geometry":{"type":"Point","coordinates":[-721,-5183]},"properties":{"name":"Benif","systemID":1225355489,"systemLevel":9,"warpRequired":8,"territory":"Independent","event":"","stationHub":1,"icon":"","deepDarkSpace":0,"uncommonArmadaRange":"","rareArmadaRange":"","epicArmadaRange":"","mines":"Parsteel","hostiles":"Battleship, Explorer"}},{"type":"Feature","geometry":{"type":"Point","coordinates":[-617,-4616]},"properties":{"name":"Jishui","systemID":1263278966,"systemLevel":16,"warpRequired":13,"territory":"Independent","event":"","stationHub":1,"icon":"","deepDarkSpace":0,"uncommonArmadaRange":"","rareArmadaRange":"","epicArmadaRange":"","mines":"Parsteel","hostiles":"Explorer"}},{"type":"Feature","geometry":{"type":"Point","coordinates":[-1050,-5702]},"properties":{"name":"Aindia","systemID":1293550007,"systemLevel":7,"warpRequired":5,"territory":"Independent","event":"","stationHub":0,"icon":"","deepDarkSpace":0,"uncommonArmadaRange":"","rareArmadaRange":"","epicArmadaRange":"","mines":"Tritanium","hostiles":"Explorer"}},{"type":"Feature","geometry":{"type":"Point","coordinates":[-1223,-5667]},"properties":{"name":"Emola","systemID":1306959898,"systemLevel":6,"warpRequired":5,"territory":"Independent","event":"","stationHub":1,"icon":"","deepDarkSpace":0,"uncommonArmadaRange":"","rareArmadaRange":"","epicArmadaRange":"","mines":"Parsteel","hostiles":"Explorer"}},{"type":"Feature","geometry":{"type":"Point","coordinates":[-432,-4693]},"properties":{"name":"Eizeb","systemID":1316840322,"systemLevel":16,"warpRequired":13,"territory":"Independent","event":"","stationHub":1,"icon":"","deepDarkSpace":0,"uncommonArmadaRange":"","rareArmadaRange":"","epicArmadaRange":"","mines":"Tritanium","hostiles":"Explorer"}},{"type":"Feature","geometry":{"type":"Point","coordinates":[-966,-5134]},"properties":{"name":"Clytomenes","systemID":1339989224,"systemLevel":12,"warpRequired":7,"territory":"Independent","event":"","stationHub":0,"icon":"","deepDarkSpace":0,"uncommonArmadaRange":"","rareArmadaRange":"","epicArmadaRange":"","mines":"Tritanium, Dilithium","hostiles":"Explorer, Interceptor"}},{"type":"Feature","geometry":{"type":"Point","coordinates":[-840,-5194]},"properties":{"name":"Uuuuhai","systemID":1341935964,"systemLevel":9,"warpRequired":8,"territory":"Independent","event":"","stationHub":1,"icon":"","deepDarkSpace":0,"uncommonArmadaRange":"","rareArmadaRange":"","epicArmadaRange":"","mines":"Parsteel","hostiles":"Battleship, Explorer"}},{"type":"Feature","geometry":{"type":"Point","coordinates":[-630,-4602]},"properties":{"name":"Todem","systemID":1357784499,"systemLevel":18,"warpRequired":13,"territory":"Independent","event":"","stationHub":1,"icon":"","deepDarkSpace":0,"uncommonArmadaRange":"","rareArmadaRange":"","epicArmadaRange":"","mines":"Tritanium","hostiles":"Interceptor"}},{"type":"Feature","geometry":{"type":"Point","coordinates":[-1259,-5644]},"properties":{"name":"Kroci","systemID":1376266505,"systemLevel":6,"warpRequired":5,"territory":"Independent","event":"","stationHub":1,"icon":"","deepDarkSpace":0,"uncommonArmadaRange":"","rareArmadaRange":"","epicArmadaRange":"","mines":"Parsteel","hostiles":"Explorer"}},{"type":"Feature","geometry":{"type":"Point","coordinates":[-427,-5035]},"properties":{"name":"Dalukerinborva","systemID":1385663190,"systemLevel":18,"warpRequired":13,"territory":"Independent","event":"","stationHub":1,"icon":"","deepDarkSpace":0,"uncommonArmadaRange":"","rareArmadaRange":"","epicArmadaRange":"","mines":"Tritanium","hostiles":"Explorer"}},{"type":"Feature","geometry":{"type":"Point","coordinates":[-934,-4821]},"properties":{"name":"Yesop","systemID":1422239031,"systemLevel":9,"warpRequired":8,"territory":"Independent","event":"","stationHub":1,"icon":"","deepDarkSpace":0,"uncommonArmadaRange":"","rareArmadaRange":"","epicArmadaRange":"","mines":"Parsteel","hostiles":"Battleship, Explorer"}},{"type":"Feature","geometry":{"type":"Point","coordinates":[-555,-4954]},"properties":{"name":"Andvaris","systemID":1422258500,"systemLevel":15,"warpRequired":13,"territory":"Independent","event":"Swarm","stationHub":0,"icon":"","deepDarkSpace":0,"uncommonArmadaRange":"","rareArmadaRange":"","epicArmadaRange":"","mines":"","hostiles":"Interceptor"}},{"type":"Feature","geometry":{"type":"Point","coordinates":[-897,-5591]},"properties":{"name":"Duvlock","systemID":1436783271,"systemLevel":8,"warpRequired":5,"territory":"Independent","event":"","stationHub":1,"icon":"","deepDarkSpace":0,"uncommonArmadaRange":"","rareArmadaRange":"","epicArmadaRange":"","mines":"Parsteel","hostiles":"Battleship"}},{"type":"Feature","geometry":{"type":"Point","coordinates":[-1078,-5715]},"properties":{"name":"Mara Eya","systemID":1437152822,"systemLevel":6,"warpRequired":5,"territory":"Independent","event":"","stationHub":1,"icon":"","deepDarkSpace":0,"uncommonArmadaRange":"","rareArmadaRange":"","epicArmadaRange":"","mines":"Parsteel","hostiles":"Explorer"}},{"type":"Feature","geometry":{"type":"Point","coordinates":[-590,-4729]},"properties":{"name":"Labac","systemID":1462287177,"systemLevel":17,"warpRequired":12,"territory":"Independent","event":"","stationHub":1,"icon":"","deepDarkSpace":0,"uncommonArmadaRange":"","rareArmadaRange":"","epicArmadaRange":"","mines":"2* Raw Ore","hostiles":"Explorer, Interceptor"}},{"type":"Feature","geometry":{"type":"Point","coordinates":[-520,-4956]},"properties":{"name":"Omtose","systemID":1478413915,"systemLevel":16,"warpRequired":13,"territory":"Independent","event":"Swarm","stationHub":0,"icon":"","deepDarkSpace":0,"uncommonArmadaRange":"","rareArmadaRange":"","epicArmadaRange":"","mines":"","hostiles":"Interceptor"}},{"type":"Feature","geometry":{"type":"Point","coordinates":[-564,-4854]},"properties":{"name":"Astrida","systemID":1490914183,"systemLevel":14,"warpRequired":12,"territory":"Independent","event":"","stationHub":1,"icon":"","deepDarkSpace":0,"uncommonArmadaRange":"","rareArmadaRange":"","epicArmadaRange":"","mines":"2* Raw Crystal","hostiles":"Explorer"}},{"type":"Feature","geometry":{"type":"Point","coordinates":[-531,-4689]},"properties":{"name":"Rakkaus","systemID":1494550660,"systemLevel":16,"warpRequired":12,"territory":"Independent","event":"","stationHub":1,"icon":"","deepDarkSpace":0,"uncommonArmadaRange":"","rareArmadaRange":"","epicArmadaRange":"","mines":"Parsteel","hostiles":"Battleship"}},{"type":"Feature","geometry":{"type":"Point","coordinates":[-1073,-5693]},"properties":{"name":"Cosa","systemID":1505582693,"systemLevel":6,"warpRequired":5,"territory":"Independent","event":"","stationHub":1,"icon":"","deepDarkSpace":0,"uncommonArmadaRange":"","rareArmadaRange":"","epicArmadaRange":"","mines":"Parsteel","hostiles":"Explorer"}},{"type":"Feature","geometry":{"type":"Point","coordinates":[-942,-4762]},"properties":{"name":"Xabek","systemID":1534156106,"systemLevel":9,"warpRequired":8,"territory":"Independent","event":"","stationHub":1,"icon":"","deepDarkSpace":0,"uncommonArmadaRange":"","rareArmadaRange":"","epicArmadaRange":"","mines":"Parsteel","hostiles":"Battleship, Explorer"}},{"type":"Feature","geometry":{"type":"Point","coordinates":[-1286,-5274]},"properties":{"name":"Rua","systemID":1559195274,"systemLevel":8,"warpRequired":5,"territory":"Independent","event":"","stationHub":0,"icon":"","deepDarkSpace":0,"uncommonArmadaRange":"","rareArmadaRange":"","epicArmadaRange":"","mines":"Tritanium","hostiles":"Battleship"}},{"type":"Feature","geometry":{"type":"Point","coordinates":[-564,-4564]},"properties":{"name":"Kaus Media","systemID":1591474708,"systemLevel":17,"warpRequired":13,"territory":"Independent","event":"","stationHub":1,"icon":"","deepDarkSpace":0,"uncommonArmadaRange":"","rareArmadaRange":"","epicArmadaRange":"","mines":"Parsteel","hostiles":"Explorer"}},{"type":"Feature","geometry":{"type":"Point","coordinates":[-1142,-5522]},"properties":{"name":"Minnea","systemID":1608653621,"systemLevel":8,"warpRequired":5,"territory":"Independent","event":"","stationHub":1,"icon":"","deepDarkSpace":0,"uncommonArmadaRange":"","rareArmadaRange":"","epicArmadaRange":"","mines":"Parsteel","hostiles":"Battleship"}},{"type":"Feature","geometry":{"type":"Point","coordinates":[-506,-4999]},"properties":{"name":"Caldik","systemID":1613927324,"systemLevel":16,"warpRequired":13,"territory":"Independent","event":"Swarm","stationHub":0,"icon":"","deepDarkSpace":0,"uncommonArmadaRange":"","rareArmadaRange":"","epicArmadaRange":"","mines":"","hostiles":"Interceptor"}},{"type":"Feature","geometry":{"type":"Point","coordinates":[-928,-5667]},"properties":{"name":"Boru","systemID":1614747268,"systemLevel":7,"warpRequired":5,"territory":"Independent","event":"","stationHub":0,"icon":"","deepDarkSpace":0,"uncommonArmadaRange":"","rareArmadaRange":"","epicArmadaRange":"","mines":"Tritanium","hostiles":"Explorer"}},{"type":"Feature","geometry":{"type":"Point","coordinates":[-565,-4666]},"properties":{"name":"Ione","systemID":1647623234,"systemLevel":17,"warpRequired":12,"territory":"Independent","event":"","stationHub":1,"icon":"","deepDarkSpace":0,"uncommonArmadaRange":"","rareArmadaRange":"","epicArmadaRange":"","mines":"Parsteel","hostiles":"Interceptor"}},{"type":"Feature","geometry":{"type":"Point","coordinates":[-1248,-5278]},"properties":{"name":"Tova","systemID":1654231988,"systemLevel":8,"warpRequired":5,"territory":"Independent","event":"","stationHub":1,"icon":"","deepDarkSpace":0,"uncommonArmadaRange":"","rareArmadaRange":"","epicArmadaRange":"","mines":"Parsteel","hostiles":"Battleship"}},{"type":"Feature","geometry":{"type":"Point","coordinates":[-1737,-5599]},"properties":{"name":"Murasaki 312","systemID":1658720101,"systemLevel":10,"warpRequired":6,"territory":"Independent","event":"","stationHub":0,"icon":"","deepDarkSpace":0,"uncommonArmadaRange":"","rareArmadaRange":"","epicArmadaRange":"","mines":"Dilithium","hostiles":"Battleship"}},{"type":"Feature","geometry":{"type":"Point","coordinates":[-950,-4793]},"properties":{"name":"Veias","systemID":1709942779,"systemLevel":9,"warpRequired":8,"territory":"Independent","event":"","stationHub":1,"icon":"","deepDarkSpace":0,"uncommonArmadaRange":"","rareArmadaRange":"","epicArmadaRange":"","mines":"Parsteel","hostiles":"Battleship, Explorer"}},{"type":"Feature","geometry":{"type":"Point","coordinates":[-406,-4913]},"properties":{"name":"Oltomon","systemID":1726465367,"systemLevel":17,"warpRequired":13,"territory":"Independent","event":"","stationHub":1,"icon":"","deepDarkSpace":0,"uncommonArmadaRange":"","rareArmadaRange":"","epicArmadaRange":"","mines":"Tritanium","hostiles":"Interceptor"}},{"type":"Feature","geometry":{"type":"Point","coordinates":[-903,-5636]},"properties":{"name":"Kibuka","systemID":1740429538,"systemLevel":6,"warpRequired":5,"territory":"Independent","event":"","stationHub":1,"icon":"","deepDarkSpace":0,"uncommonArmadaRange":"","rareArmadaRange":"","epicArmadaRange":"","mines":"Parsteel","hostiles":"Explorer"}},{"type":"Feature","geometry":{"type":"Point","coordinates":[-599,-4818]},"properties":{"name":"Dhi'ban","systemID":1745143614,"systemLevel":14,"warpRequired":11,"territory":"Independent","event":"","stationHub":1,"icon":"","deepDarkSpace":0,"uncommonArmadaRange":"","rareArmadaRange":"","epicArmadaRange":"","mines":"2* Raw Ore","hostiles":"Battleship, Interceptor"}},{"type":"Feature","geometry":{"type":"Point","coordinates":[-838,-5223]},"properties":{"name":"Ceguh","systemID":1786096059,"systemLevel":9,"warpRequired":8,"territory":"Independent","event":"","stationHub":1,"icon":"","deepDarkSpace":0,"uncommonArmadaRange":"","rareArmadaRange":"","epicArmadaRange":"","mines":"Parsteel","hostiles":"Battleship, Explorer"}},{"type":"Feature","geometry":{"type":"Point","coordinates":[-1342,-5346]},"properties":{"name":"Mesadin","systemID":1786976742,"systemLevel":6,"warpRequired":5,"territory":"Independent","event":"","stationHub":1,"icon":"","deepDarkSpace":0,"uncommonArmadaRange":"","rareArmadaRange":"","epicArmadaRange":"","mines":"Parsteel","hostiles":"Explorer"}},{"type":"Feature","geometry":{"type":"Point","coordinates":[-642,-4712]},"properties":{"name":"Vindemiatrix","systemID":1790049115,"systemLevel":15,"warpRequired":11,"territory":"Independent","event":"","stationHub":1,"icon":"","deepDarkSpace":0,"uncommonArmadaRange":"","rareArmadaRange":"","epicArmadaRange":"","mines":"2* Raw Gas","hostiles":"Battleship"}},{"type":"Feature","geometry":{"type":"Point","coordinates":[-410,-5205]},"properties":{"name":"Mordus","systemID":1790893897,"systemLevel":20,"warpRequired":20,"territory":"Independent","event":"","stationHub":0,"icon":"","deepDarkSpace":0,"uncommonArmadaRange":"","rareArmadaRange":"","epicArmadaRange":"","mines":"","hostiles":""}},{"type":"Feature","geometry":{"type":"Point","coordinates":[-404,-4672]},"properties":{"name":"Bubeau","systemID":1791133099,"systemLevel":18,"warpRequired":13,"territory":"Independent","event":"","stationHub":1,"icon":"","deepDarkSpace":0,"uncommonArmadaRange":"","rareArmadaRange":"","epicArmadaRange":"","mines":"Parsteel","hostiles":"Explorer"}},{"type":"Feature","geometry":{"type":"Point","coordinates":[-1086,-5612]},"properties":{"name":"Moston","systemID":1792068830,"systemLevel":8,"warpRequired":5,"territory":"Independent","event":"","stationHub":1,"icon":"","deepDarkSpace":0,"uncommonArmadaRange":"","rareArmadaRange":"","epicArmadaRange":"","mines":"Parsteel","hostiles":"Battleship"}},{"type":"Feature","geometry":{"type":"Point","coordinates":[-535,-4644]},"properties":{"name":"H'ganrem","systemID":1835140406,"systemLevel":18,"warpRequired":12,"territory":"Independent","event":"","stationHub":1,"icon":"","deepDarkSpace":0,"uncommonArmadaRange":"","rareArmadaRange":"","epicArmadaRange":"","mines":"Tritanium","hostiles":"Battleship"}},{"type":"Feature","geometry":{"type":"Point","coordinates":[-946,-5589]},"properties":{"name":"Boniv","systemID":1847701194,"systemLevel":8,"warpRequired":5,"territory":"Independent","event":"","stationHub":1,"icon":"","deepDarkSpace":0,"uncommonArmadaRange":"","rareArmadaRange":"","epicArmadaRange":"","mines":"Parsteel","hostiles":"Battleship"}},{"type":"Feature","geometry":{"type":"Point","coordinates":[-396,-4702]},"properties":{"name":"Kepler-018","systemID":1854874708,"systemLevel":20,"warpRequired":13,"territory":"Independent","event":"Armada","stationHub":1,"icon":"","deepDarkSpace":0,"uncommonArmadaRange":"281K","rareArmadaRange":"","epicArmadaRange":"","mines":"2* Raw Ore","hostiles":"Battleship"}},{"type":"Feature","geometry":{"type":"Point","coordinates":[-1361,-5404]},"properties":{"name":"Lyon","systemID":1901028317,"systemLevel":6,"warpRequired":5,"territory":"Independent","event":"","stationHub":1,"icon":"","deepDarkSpace":0,"uncommonArmadaRange":"","rareArmadaRange":"","epicArmadaRange":"","mines":"Parsteel","hostiles":"Explorer"}},{"type":"Feature","geometry":{"type":"Point","coordinates":[-1031,-5713]},"properties":{"name":"Fiadh","systemID":1905676971,"systemLevel":6,"warpRequired":5,"territory":"Independent","event":"","stationHub":1,"icon":"","deepDarkSpace":0,"uncommonArmadaRange":"","rareArmadaRange":"","epicArmadaRange":"","mines":"Parsteel","hostiles":"Explorer"}},{"type":"Feature","geometry":{"type":"Point","coordinates":[-760,-5151]},"properties":{"name":"Nilkino","systemID":1910889934,"systemLevel":10,"warpRequired":8,"territory":"Independent","event":"","stationHub":1,"icon":"","deepDarkSpace":0,"uncommonArmadaRange":"","rareArmadaRange":"","epicArmadaRange":"","mines":"Tritanium","hostiles":"Battleship, Explorer"}},{"type":"Feature","geometry":{"type":"Point","coordinates":[-568,-4544]},"properties":{"name":"Wasat","systemID":1911521293,"systemLevel":19,"warpRequired":13,"territory":"Independent","event":"","stationHub":1,"icon":"","deepDarkSpace":0,"uncommonArmadaRange":"","rareArmadaRange":"","epicArmadaRange":"","mines":"Tritanium","hostiles":"Interceptor"}},{"type":"Feature","geometry":{"type":"Point","coordinates":[-486,-4878]},"properties":{"name":"Madra","systemID":1922414485,"systemLevel":16,"warpRequired":12,"territory":"Independent","event":"","stationHub":1,"icon":"","deepDarkSpace":0,"uncommonArmadaRange":"","rareArmadaRange":"","epicArmadaRange":"","mines":"Tritanium","hostiles":"Explorer"}},{"type":"Feature","geometry":{"type":"Point","coordinates":[-848,-4688]},"properties":{"name":"Xiyia","systemID":1948120198,"systemLevel":9,"warpRequired":8,"territory":"Independent","event":"","stationHub":1,"icon":"","deepDarkSpace":0,"uncommonArmadaRange":"","rareArmadaRange":"","epicArmadaRange":"","mines":"Parsteel","hostiles":"Battleship, Explorer"}},{"type":"Feature","geometry":{"type":"Point","coordinates":[-776,-5131]},"properties":{"name":"Xipox","systemID":1954730883,"systemLevel":9,"warpRequired":8,"territory":"Independent","event":"","stationHub":1,"icon":"","deepDarkSpace":0,"uncommonArmadaRange":"","rareArmadaRange":"","epicArmadaRange":"","mines":"Parsteel","hostiles":"Battleship, Explorer"}},{"type":"Feature","geometry":{"type":"Point","coordinates":[-765,-5249]},"properties":{"name":"Zehoro","systemID":1980030252,"systemLevel":11,"warpRequired":7,"territory":"Independent","event":"","stationHub":0,"icon":"","deepDarkSpace":0,"uncommonArmadaRange":"","rareArmadaRange":"","epicArmadaRange":"","mines":"","hostiles":"Interceptor"}},{"type":"Feature","geometry":{"type":"Point","coordinates":[-499,-4865]},"properties":{"name":"Medua","systemID":2028145465,"systemLevel":17,"warpRequired":12,"territory":"Independent","event":"","stationHub":1,"icon":"","deepDarkSpace":0,"uncommonArmadaRange":"","rareArmadaRange":"","epicArmadaRange":"","mines":"Parsteel","hostiles":"Battleship"}},{"type":"Feature","geometry":{"type":"Point","coordinates":[-397,-4676]},"properties":{"name":"Eisenhorn","systemID":2052698931,"systemLevel":19,"warpRequired":13,"territory":"Independent","event":"","stationHub":1,"icon":"","deepDarkSpace":0,"uncommonArmadaRange":"","rareArmadaRange":"","epicArmadaRange":"","mines":"Parsteel","hostiles":"Battleship"}},{"type":"Feature","geometry":{"type":"Point","coordinates":[-926,-5573]},"properties":{"name":"Aodaan","systemID":2070233084,"systemLevel":8,"warpRequired":5,"territory":"Independent","event":"","stationHub":0,"icon":"","deepDarkSpace":0,"uncommonArmadaRange":"","rareArmadaRange":"","epicArmadaRange":"","mines":"Tritanium","hostiles":"Battleship"}},{"type":"Feature","geometry":{"type":"Point","coordinates":[-554,-4642]},"properties":{"name":"Araiza","systemID":2076378378,"systemLevel":18,"warpRequired":12,"territory":"Independent","event":"","stationHub":1,"icon":"","deepDarkSpace":0,"uncommonArmadaRange":"","rareArmadaRange":"","epicArmadaRange":"","mines":"Parsteel","hostiles":"Explorer"}},{"type":"Feature","geometry":{"type":"Point","coordinates":[-842,-4750]},"properties":{"name":"Zamam","systemID":2119979509,"systemLevel":10,"warpRequired":8,"territory":"Independent","event":"","stationHub":1,"icon":"","deepDarkSpace":0,"uncommonArmadaRange":"","rareArmadaRange":"","epicArmadaRange":"","mines":"Tritanium","hostiles":"Battleship, Explorer"}},{"type":"Feature","geometry":{"type":"Point","coordinates":[-405,-4753]},"properties":{"name":"Bharani","systemID":2136091294,"systemLevel":16,"warpRequired":13,"territory":"Independent","event":"","stationHub":1,"icon":"","deepDarkSpace":0,"uncommonArmadaRange":"","rareArmadaRange":"","epicArmadaRange":"","mines":"Parsteel","hostiles":"Interceptor"}},{"type":"Feature","geometry":{"type":"Point","coordinates":[-901,-5664]},"properties":{"name":"Eshu","systemID":2147089484,"systemLevel":6,"warpRequired":5,"territory":"Independent","event":"","stationHub":1,"icon":"","deepDarkSpace":0,"uncommonArmadaRange":"","rareArmadaRange":"","epicArmadaRange":"","mines":"Parsteel","hostiles":"Explorer"}}]}